-- phpMyAdmin SQL Dump
-- version 4.9.7
-- https://www.phpmyadmin.net/
--
-- Host: localhost:3306
-- Waktu pembuatan: 24 Jan 2023 pada 07.34
-- Versi server: 10.3.37-MariaDB
-- Versi PHP: 7.4.33

SET SQL_MODE = "NO_AUTO_VALUE_ON_ZERO";
SET AUTOCOMMIT = 0;
START TRANSACTION;
SET time_zone = "+00:00";


/*!40101 SET @OLD_CHARACTER_SET_CLIENT=@@CHARACTER_SET_CLIENT */;
/*!40101 SET @OLD_CHARACTER_SET_RESULTS=@@CHARACTER_SET_RESULTS */;
/*!40101 SET @OLD_COLLATION_CONNECTION=@@COLLATION_CONNECTION */;
/*!40101 SET NAMES utf8mb4 */;

--
-- Database: `tokohabi_pos`
--

-- --------------------------------------------------------

--
-- Struktur dari tabel `about_us`
--

CREATE TABLE `about_us` (
  `id` int(10) UNSIGNED NOT NULL,
  `name` varchar(191) NOT NULL,
  `img_company` varchar(191) NOT NULL,
  `phone` bigint(20) DEFAULT NULL,
  `notelp` bigint(20) DEFAULT NULL,
  `address` text DEFAULT NULL,
  `about` text DEFAULT NULL
) ENGINE=InnoDB DEFAULT CHARSET=utf8mb4 COLLATE=utf8mb4_unicode_ci;

--
-- Dumping data untuk tabel `about_us`
--

INSERT INTO `about_us` (`id`, `name`, `img_company`, `phone`, `notelp`, `address`, `about`) VALUES
(1, 'TCOM ONLINE', 'assets/img/brand/favicon.png', 6282297041229, NULL, 'Jl. Rangga Gede Anjun Gempol RT.05 RW.02 Kel.Tanjungpura\r\nKec. Karawang Barat, Kab. Karawang 41316', 'Peralatan Komputer, Jasa Pembuatan Aplikasi, Pembelian Token atau Listrik');

-- --------------------------------------------------------

--
-- Struktur dari tabel `admins`
--

CREATE TABLE `admins` (
  `id` int(10) UNSIGNED NOT NULL,
  `name` varchar(191) NOT NULL,
  `email` varchar(191) NOT NULL,
  `username` varchar(191) NOT NULL,
  `password` varchar(191) NOT NULL,
  `remember_token` varchar(100) DEFAULT NULL,
  `created_at` timestamp NULL DEFAULT NULL,
  `updated_at` timestamp NULL DEFAULT NULL
) ENGINE=InnoDB DEFAULT CHARSET=utf8mb4 COLLATE=utf8mb4_unicode_ci;

--
-- Dumping data untuk tabel `admins`
--

INSERT INTO `admins` (`id`, `name`, `email`, `username`, `password`, `remember_token`, `created_at`, `updated_at`) VALUES
(1, 'Administrator', 'user1@email.com', 'admin', '$2y$10$R0x3GEU6ukUHIaUq8I6BwuChqBfIaLbAyrE2qzUCJHYwSxz4qgXFu', NULL, NULL, NULL);

-- --------------------------------------------------------

--
-- Struktur dari tabel `a_stock`
--

CREATE TABLE `a_stock` (
  `id` bigint(20) UNSIGNED NOT NULL,
  `stocks_id` int(11) NOT NULL,
  `product_id` int(11) NOT NULL,
  `users_id` int(11) NOT NULL,
  `user_type_id` enum('admin','cashier','sales') NOT NULL,
  `type_activity` enum('in','pending','out','add','destroy') NOT NULL,
  `stock` int(11) NOT NULL,
  `created_at` timestamp NULL DEFAULT NULL,
  `updated_at` timestamp NULL DEFAULT NULL
) ENGINE=InnoDB DEFAULT CHARSET=utf8mb4 COLLATE=utf8mb4_unicode_ci;

--
-- Dumping data untuk tabel `a_stock`
--

INSERT INTO `a_stock` (`id`, `stocks_id`, `product_id`, `users_id`, `user_type_id`, `type_activity`, `stock`, `created_at`, `updated_at`) VALUES
(18, 5, 5, 1, 'cashier', 'in', 1000, '2021-12-03 04:05:58', '2021-12-03 04:05:58'),
(19, 6, 6, 1, 'cashier', 'in', 1000, '2021-12-03 04:07:03', '2021-12-03 04:07:03'),
(20, 7, 7, 1, 'cashier', 'in', 1000, '2021-12-03 04:07:49', '2021-12-03 04:07:49'),
(21, 8, 8, 1, 'cashier', 'in', 1000, '2021-12-03 04:09:10', '2021-12-03 04:09:10'),
(22, 9, 9, 1, 'cashier', 'in', 1000, '2021-12-03 04:10:32', '2021-12-03 04:10:32'),
(23, 10, 10, 1, 'cashier', 'in', 1000, '2021-12-03 04:12:53', '2021-12-03 04:12:53'),
(24, 11, 11, 1, 'cashier', 'in', 10000, '2021-12-03 07:09:14', '2021-12-03 07:09:14'),
(25, 12, 12, 1, 'cashier', 'in', 100, '2021-12-03 07:59:16', '2021-12-03 07:59:16'),
(26, 13, 13, 1, 'cashier', 'in', 100, '2021-12-03 08:00:34', '2021-12-03 08:00:34'),
(27, 14, 14, 1, 'cashier', 'in', 10, '2021-12-03 08:01:52', '2021-12-03 08:01:52'),
(28, 15, 15, 1, 'cashier', 'in', 10, '2021-12-03 08:02:44', '2021-12-03 08:02:44'),
(29, 16, 16, 1, 'cashier', 'in', 100, '2021-12-03 08:03:27', '2021-12-03 08:03:27'),
(30, 15, 15, 1, 'cashier', 'add', 10, '2021-12-03 08:07:08', '2021-12-03 08:07:08'),
(31, 7, 7, 1, 'cashier', 'out', 1, '2021-12-03 08:16:34', '2021-12-03 08:16:34'),
(32, 17, 17, 1, 'cashier', 'in', 1000, '2021-12-09 14:08:54', '2021-12-09 14:08:54'),
(33, 18, 18, 1, 'cashier', 'in', 1000, '2021-12-09 14:10:37', '2021-12-09 14:10:37'),
(34, 17, 17, 1, 'cashier', 'out', 1, '2021-12-09 14:13:59', '2021-12-09 14:13:59'),
(35, 6, 6, 1, 'cashier', 'out', 2, '2021-12-23 00:49:00', '2021-12-23 00:49:00'),
(36, 11, 11, 1, 'cashier', 'out', 1, '2021-12-23 00:49:00', '2021-12-23 00:49:00'),
(37, 7, 7, 1, 'cashier', 'out', 2, '2021-12-23 00:49:00', '2021-12-23 00:49:00'),
(38, 10, 10, 1, 'cashier', 'out', 1, '2021-12-23 00:49:00', '2021-12-23 00:49:00'),
(39, 13, 13, 1, 'cashier', 'out', 1, '2021-12-23 00:51:33', '2021-12-23 00:51:33'),
(40, 9, 9, 1, 'cashier', 'out', 1, '2021-12-23 00:51:56', '2021-12-23 00:51:56'),
(41, 14, 14, 1, 'cashier', 'out', 1, '2022-01-14 03:31:32', '2022-01-14 03:31:32'),
(42, 16, 16, 1, 'cashier', 'out', 1, '2022-01-14 03:31:32', '2022-01-14 03:31:32'),
(43, 13, 13, 1, 'cashier', 'out', 3, '2022-01-14 03:31:32', '2022-01-14 03:31:32'),
(44, 12, 12, 1, 'cashier', 'out', 1, '2022-01-14 03:31:32', '2022-01-14 03:31:32'),
(45, 15, 15, 1, 'cashier', 'out', 1, '2022-01-14 03:31:32', '2022-01-14 03:31:32'),
(46, 8, 8, 1, 'cashier', 'out', 1, '2022-01-14 03:33:24', '2022-01-14 03:33:24'),
(47, 14, 14, 1, 'cashier', 'out', 1, '2022-01-14 03:33:24', '2022-01-14 03:33:24'),
(48, 9, 9, 1, 'cashier', 'out', 1, '2022-01-14 03:33:24', '2022-01-14 03:33:24'),
(49, 14, 14, 4, 'sales', 'pending', 4, '2022-01-14 03:40:24', '2022-01-14 03:40:24'),
(50, 14, 14, 3, 'cashier', 'out', 4, '2022-01-14 03:41:15', '2022-01-14 03:41:15'),
(51, 12, 12, 4, 'sales', 'pending', 3, '2022-01-18 02:38:40', '2022-01-18 02:38:40'),
(52, 12, 12, 3, 'cashier', 'out', 3, '2022-01-18 02:40:05', '2022-01-18 02:40:05'),
(53, 10, 10, 4, 'sales', 'pending', 1, '2022-01-18 03:07:06', '2022-01-18 03:07:06'),
(54, 10, 10, 3, 'cashier', 'out', 1, '2022-01-18 03:08:02', '2022-01-18 03:08:02'),
(55, 7, 7, 4, 'sales', 'pending', 1, '2022-01-19 06:53:27', '2022-01-19 06:53:27'),
(56, 13, 13, 4, 'sales', 'pending', 1, '2022-01-19 06:53:27', '2022-01-19 06:53:27'),
(57, 7, 7, 3, 'cashier', 'out', 1, '2022-01-19 06:55:11', '2022-01-19 06:55:11'),
(58, 13, 13, 3, 'cashier', 'out', 1, '2022-01-19 06:55:11', '2022-01-19 06:55:11'),
(59, 19, 19, 3, 'cashier', 'in', 3, '2022-01-31 01:09:06', '2022-01-31 01:09:06'),
(60, 19, 19, 3, 'cashier', 'out', 1, '2022-01-31 01:09:52', '2022-01-31 01:09:52'),
(61, 6, 6, 4, 'sales', 'pending', 1, '2022-02-16 03:38:55', '2022-02-16 03:38:55'),
(62, 12, 12, 4, 'sales', 'pending', 1, '2022-02-16 03:38:55', '2022-02-16 03:38:55'),
(63, 6, 6, 1, 'cashier', 'out', 1, '2022-02-16 03:40:25', '2022-02-16 03:40:25'),
(64, 12, 12, 1, 'cashier', 'out', 1, '2022-02-16 03:40:25', '2022-02-16 03:40:25'),
(65, 20, 20, 1, 'cashier', 'in', 10, '2022-03-09 03:12:16', '2022-03-09 03:12:16'),
(66, 21, 21, 1, 'cashier', 'in', 100, '2022-03-09 03:13:24', '2022-03-09 03:13:24'),
(67, 22, 22, 1, 'cashier', 'in', 20, '2022-03-09 03:14:12', '2022-03-09 03:14:12'),
(68, 23, 23, 1, 'cashier', 'in', 100, '2022-03-09 03:15:14', '2022-03-09 03:15:14'),
(69, 24, 24, 1, 'cashier', 'in', 20, '2022-03-09 03:16:39', '2022-03-09 03:16:39'),
(70, 25, 25, 1, 'cashier', 'in', 50, '2022-03-09 03:18:38', '2022-03-09 03:18:38'),
(71, 26, 26, 1, 'cashier', 'in', 10, '2022-03-09 03:19:44', '2022-03-09 03:19:44'),
(72, 27, 27, 1, 'cashier', 'in', 10, '2022-03-09 03:21:03', '2022-03-09 03:21:03'),
(73, 28, 28, 1, 'cashier', 'in', 100, '2022-03-09 03:25:30', '2022-03-09 03:25:30'),
(74, 29, 29, 1, 'cashier', 'in', 100, '2022-03-09 03:26:06', '2022-03-09 03:26:06'),
(75, 26, 26, 1, 'cashier', 'out', 2, '2022-03-09 03:36:56', '2022-03-09 03:36:56'),
(76, 20, 20, 1, 'cashier', 'out', 1, '2022-03-09 03:36:56', '2022-03-09 03:36:56'),
(77, 24, 24, 1, 'cashier', 'out', 5, '2022-03-09 03:36:56', '2022-03-09 03:36:56'),
(78, 21, 21, 1, 'cashier', 'out', 10, '2022-03-09 03:36:56', '2022-03-09 03:36:56'),
(79, 23, 23, 1, 'cashier', 'out', 6, '2022-03-09 03:36:56', '2022-03-09 03:36:56'),
(80, 22, 22, 1, 'cashier', 'out', 10, '2022-03-09 03:36:57', '2022-03-09 03:36:57'),
(81, 25, 25, 1, 'cashier', 'out', 6, '2022-03-09 03:36:57', '2022-03-09 03:36:57'),
(82, 27, 27, 1, 'cashier', 'out', 2, '2022-03-09 03:36:57', '2022-03-09 03:36:57'),
(83, 28, 28, 1, 'cashier', 'out', 3, '2022-03-09 03:36:57', '2022-03-09 03:36:57'),
(84, 29, 29, 1, 'cashier', 'out', 13, '2022-03-09 03:36:57', '2022-03-09 03:36:57'),
(85, 9, 9, 1, 'cashier', 'out', 2, '2022-05-13 02:02:31', '2022-05-13 02:02:31'),
(86, 30, 30, 1, 'cashier', 'in', 12, '2022-09-05 04:01:46', '2022-09-05 04:01:46'),
(87, 31, 31, 1, 'cashier', 'in', 13, '2022-09-05 04:07:43', '2022-09-05 04:07:43'),
(88, 32, 32, 1, 'cashier', 'in', 10, '2022-09-05 04:15:47', '2022-09-05 04:15:47'),
(89, 33, 33, 1, 'cashier', 'in', 15, '2022-09-05 04:27:33', '2022-09-05 04:27:33'),
(90, 34, 34, 7, 'cashier', 'in', 30, '2022-09-05 04:29:19', '2022-09-05 04:29:19'),
(91, 30, 30, 4, 'sales', 'pending', 2, '2022-09-05 05:02:55', '2022-09-05 05:02:55'),
(92, 34, 34, 4, 'sales', 'pending', 1, '2022-09-05 05:02:55', '2022-09-05 05:02:55'),
(93, 35, 35, 8, 'cashier', 'in', 5, '2022-09-05 05:18:53', '2022-09-05 05:18:53'),
(94, 31, 31, 6, 'cashier', 'add', 7, '2022-09-05 11:21:06', '2022-09-05 11:21:06'),
(95, 30, 30, 6, 'cashier', 'add', 10, '2022-09-05 11:21:26', '2022-09-05 11:21:26'),
(96, 30, 30, 6, 'cashier', 'add', 10, '2022-09-05 11:21:27', '2022-09-05 11:21:27'),
(97, 36, 36, 12, 'cashier', 'in', 10, '2022-09-06 01:52:44', '2022-09-06 01:52:44'),
(98, 37, 37, 15, 'cashier', 'in', 30, '2022-09-06 05:40:21', '2022-09-06 05:40:21'),
(99, 38, 38, 15, 'cashier', 'in', 30, '2022-09-06 06:12:29', '2022-09-06 06:12:29'),
(100, 37, 37, 17, 'sales', 'pending', 1, '2022-09-06 06:24:24', '2022-09-06 06:24:24'),
(101, 39, 39, 8, 'cashier', 'in', 14, '2022-09-06 15:06:44', '2022-09-06 15:06:44'),
(102, 40, 40, 14, 'cashier', 'in', 25, '2022-09-07 01:04:59', '2022-09-07 01:04:59'),
(103, 30, 30, 1, 'cashier', 'out', 2, '2022-09-07 13:57:56', '2022-09-07 13:57:56'),
(104, 34, 34, 1, 'cashier', 'out', 1, '2022-09-07 13:57:56', '2022-09-07 13:57:56'),
(105, 12, 12, 1, 'cashier', 'out', 1, '2022-09-07 13:58:28', '2022-09-07 13:58:28'),
(106, 14, 14, 1, 'cashier', 'out', 1, '2022-09-07 13:58:28', '2022-09-07 13:58:28'),
(107, 15, 15, 1, 'cashier', 'out', 1, '2022-09-07 13:58:28', '2022-09-07 13:58:28'),
(108, 12, 12, 4, 'sales', 'pending', 2, '2022-09-07 13:59:40', '2022-09-07 13:59:40'),
(109, 9, 9, 4, 'sales', 'pending', 1, '2022-09-07 13:59:40', '2022-09-07 13:59:40'),
(110, 12, 12, 1, 'cashier', 'out', 2, '2022-09-07 14:00:27', '2022-09-07 14:00:27'),
(111, 9, 9, 1, 'cashier', 'out', 1, '2022-09-07 14:00:27', '2022-09-07 14:00:27'),
(112, 37, 37, 6, 'cashier', 'in', 1, '2022-09-08 04:07:34', '2022-09-08 04:07:34'),
(113, 31, 31, 6, 'cashier', 'add', 10, '2022-09-08 04:08:12', '2022-09-08 04:08:12'),
(114, 37, 37, 17, 'sales', 'pending', 1, '2022-09-08 15:41:49', '2022-09-08 15:41:49'),
(115, 37, 37, 15, 'cashier', 'in', 1, '2022-09-08 15:44:44', '2022-09-08 15:44:44'),
(116, 33, 33, 10, 'sales', 'pending', 14, '2022-09-09 00:38:33', '2022-09-09 00:38:33'),
(117, 33, 33, 9, 'cashier', 'out', 14, '2022-09-09 00:39:43', '2022-09-09 00:39:43'),
(118, 30, 30, 7, 'sales', 'pending', 1, '2022-09-09 00:40:49', '2022-09-09 00:40:49'),
(119, 30, 30, 6, 'cashier', 'out', 2, '2022-09-09 00:42:05', '2022-09-09 00:42:05'),
(120, 34, 34, 8, 'sales', 'pending', 5, '2022-09-09 00:43:07', '2022-09-09 00:43:07'),
(121, 34, 34, 7, 'cashier', 'out', 5, '2022-09-09 00:43:39', '2022-09-09 00:43:39'),
(122, 34, 34, 7, 'cashier', 'add', 20, '2022-09-09 00:45:11', '2022-09-09 00:45:11'),
(123, 30, 30, 7, 'sales', 'pending', 1, '2022-09-09 00:46:28', '2022-09-09 00:46:28'),
(124, 30, 30, 6, 'cashier', 'out', 13, '2022-09-09 00:47:11', '2022-09-09 00:47:11'),
(125, 31, 31, 7, 'sales', 'pending', 8, '2022-09-09 00:48:05', '2022-09-09 00:48:05'),
(126, 31, 31, 6, 'cashier', 'out', 8, '2022-09-09 00:48:54', '2022-09-09 00:48:54'),
(127, 31, 31, 6, 'cashier', 'add', 28, '2022-09-09 00:49:34', '2022-09-09 00:49:34'),
(128, 30, 30, 6, 'cashier', 'add', 22, '2022-09-09 00:49:54', '2022-09-09 00:49:54'),
(129, 31, 31, 7, 'sales', 'pending', 14, '2022-09-09 00:50:23', '2022-09-09 00:50:23'),
(130, 31, 31, 6, 'cashier', 'out', 14, '2022-09-09 00:51:44', '2022-09-09 00:51:44'),
(131, 34, 34, 8, 'sales', 'pending', 15, '2022-09-09 00:53:28', '2022-09-09 00:53:28'),
(132, 34, 34, 7, 'cashier', 'out', 15, '2022-09-09 00:57:04', '2022-09-09 00:57:04'),
(133, 34, 34, 8, 'sales', 'pending', 12, '2022-09-09 01:00:04', '2022-09-09 01:00:04'),
(134, 34, 34, 7, 'cashier', 'out', 12, '2022-09-09 01:00:20', '2022-09-09 01:00:20'),
(135, 33, 33, 9, 'cashier', 'add', 14, '2022-09-09 01:15:09', '2022-09-09 01:15:09'),
(136, 41, 41, 8, 'cashier', 'in', 5, '2022-09-12 05:03:35', '2022-09-12 05:03:35'),
(137, 40, 40, 16, 'sales', 'pending', 1, '2022-09-13 01:56:21', '2022-09-13 01:56:21'),
(138, 40, 40, 14, 'cashier', 'out', 1, '2022-09-13 01:59:25', '2022-09-13 01:59:25'),
(139, 40, 40, 16, 'sales', 'pending', 1, '2022-09-13 02:07:52', '2022-09-13 02:07:52'),
(140, 40, 40, 14, 'cashier', 'out', 1, '2022-09-13 02:09:14', '2022-09-13 02:09:14'),
(141, 40, 40, 16, 'sales', 'pending', 1, '2022-09-13 02:13:50', '2022-09-13 02:13:50'),
(142, 40, 40, 14, 'cashier', 'out', 1, '2022-09-13 02:14:21', '2022-09-13 02:14:21'),
(143, 33, 33, 10, 'sales', 'pending', 3, '2022-09-14 00:07:18', '2022-09-14 00:07:18'),
(144, 33, 33, 9, 'cashier', 'out', 3, '2022-09-14 00:09:11', '2022-09-14 00:09:11'),
(145, 14, 14, 20, 'sales', 'pending', 1, '2022-09-14 00:36:49', '2022-09-14 00:36:49'),
(146, 36, 36, 20, 'sales', 'pending', 3, '2022-09-14 00:36:49', '2022-09-14 00:36:49'),
(147, 14, 14, 3, 'cashier', 'out', 1, '2022-09-14 00:40:43', '2022-09-14 00:40:43'),
(148, 36, 36, 3, 'cashier', 'out', 3, '2022-09-14 00:40:43', '2022-09-14 00:40:43'),
(149, 42, 42, 16, 'cashier', 'in', 5, '2022-09-14 01:14:54', '2022-09-14 01:14:54'),
(150, 43, 43, 18, 'cashier', 'in', 200, '2022-09-14 01:19:07', '2022-09-14 01:19:07'),
(151, 44, 44, 16, 'cashier', 'in', 5, '2022-09-14 01:20:12', '2022-09-14 01:20:12'),
(152, 45, 45, 18, 'cashier', 'in', 80, '2022-09-14 01:25:05', '2022-09-14 01:25:05'),
(153, 46, 46, 15, 'cashier', 'in', 30, '2022-09-14 13:25:04', '2022-09-14 13:25:04'),
(154, 46, 46, 17, 'sales', 'pending', 1, '2022-09-14 13:57:13', '2022-09-14 13:57:13'),
(155, 46, 46, 15, 'cashier', 'in', 1, '2022-09-14 14:08:58', '2022-09-14 14:08:58'),
(156, 46, 46, 17, 'sales', 'pending', 1, '2022-09-14 14:29:44', '2022-09-14 14:29:44'),
(157, 46, 46, 17, 'sales', 'pending', 1, '2022-09-14 14:34:16', '2022-09-14 14:34:16'),
(158, 46, 46, 15, 'cashier', 'in', 1, '2022-09-14 14:40:59', '2022-09-14 14:40:59'),
(159, 46, 46, 15, 'cashier', 'out', 1, '2022-09-14 14:41:23', '2022-09-14 14:41:23'),
(160, 46, 46, 17, 'sales', 'pending', 1, '2022-09-15 12:23:41', '2022-09-15 12:23:41'),
(161, 46, 46, 15, 'cashier', 'in', 1, '2022-09-15 13:54:33', '2022-09-15 13:54:33'),
(162, 46, 46, 15, 'cashier', 'out', 1, '2022-09-15 13:54:57', '2022-09-15 13:54:57'),
(163, 33, 33, 10, 'sales', 'pending', 12, '2022-09-16 00:02:01', '2022-09-16 00:02:01'),
(164, 33, 33, 9, 'cashier', 'out', 12, '2022-09-16 00:35:30', '2022-09-16 00:35:30'),
(165, 34, 34, 8, 'sales', 'pending', 8, '2022-09-16 00:50:15', '2022-09-16 00:50:15'),
(166, 34, 34, 7, 'cashier', 'out', 8, '2022-09-16 00:51:17', '2022-09-16 00:51:17'),
(167, 33, 33, 9, 'cashier', 'add', 15, '2022-09-16 01:33:17', '2022-09-16 01:33:17'),
(168, 36, 36, 20, 'sales', 'pending', 1, '2022-09-16 02:55:26', '2022-09-16 02:55:26'),
(169, 46, 46, 17, 'sales', 'pending', 1, '2022-09-17 05:01:02', '2022-09-17 05:01:02'),
(170, 46, 46, 15, 'cashier', 'in', 1, '2022-09-18 05:29:16', '2022-09-18 05:29:16'),
(171, 46, 46, 17, 'sales', 'pending', 1, '2022-09-18 05:31:14', '2022-09-18 05:31:14'),
(172, 46, 46, 15, 'cashier', 'in', 1, '2022-09-18 05:31:57', '2022-09-18 05:31:57'),
(173, 46, 46, 17, 'sales', 'pending', 1, '2022-09-18 05:32:39', '2022-09-18 05:32:39'),
(174, 46, 46, 15, 'cashier', 'out', 1, '2022-09-18 05:33:15', '2022-09-18 05:33:15'),
(175, 46, 46, 17, 'sales', 'pending', 1, '2022-09-18 14:24:06', '2022-09-18 14:24:06'),
(176, 36, 36, 7, 'cashier', 'out', 1, '2022-09-19 04:30:19', '2022-09-19 04:30:19'),
(177, 46, 46, 7, 'cashier', 'in', 1, '2022-09-19 04:30:44', '2022-09-19 04:30:44'),
(178, 47, 47, 8, 'cashier', 'in', 5, '2022-09-19 04:37:50', '2022-09-19 04:37:50'),
(179, 47, 47, 9, 'sales', 'pending', 1, '2022-09-19 04:39:23', '2022-09-19 04:39:23'),
(180, 47, 47, 8, 'cashier', 'out', 1, '2022-09-19 04:45:31', '2022-09-19 04:45:31'),
(181, 48, 48, 8, 'cashier', 'in', 5, '2022-09-20 04:05:40', '2022-09-20 04:05:40'),
(182, 35, 35, 9, 'sales', 'pending', 1, '2022-09-20 10:48:41', '2022-09-20 10:48:41'),
(183, 35, 35, 8, 'cashier', 'out', 1, '2022-09-20 10:50:31', '2022-09-20 10:50:31'),
(184, 39, 39, 9, 'sales', 'pending', 2, '2022-09-21 05:02:55', '2022-09-21 05:02:55'),
(185, 39, 39, 8, 'cashier', 'out', 2, '2022-09-21 05:03:47', '2022-09-21 05:03:47'),
(186, 49, 49, 14, 'cashier', 'in', 25, '2022-09-22 13:17:16', '2022-09-22 13:17:16'),
(187, 50, 50, 14, 'cashier', 'in', 25, '2022-09-22 13:18:34', '2022-09-22 13:18:34'),
(188, 49, 49, 16, 'sales', 'pending', 1, '2022-09-22 13:35:25', '2022-09-22 13:35:25'),
(189, 50, 50, 16, 'sales', 'pending', 5, '2022-09-22 13:35:25', '2022-09-22 13:35:25'),
(190, 49, 49, 14, 'cashier', 'out', 1, '2022-09-22 13:36:28', '2022-09-22 13:36:28'),
(191, 50, 50, 14, 'cashier', 'out', 5, '2022-09-22 13:36:28', '2022-09-22 13:36:28'),
(192, 49, 49, 16, 'sales', 'pending', 2, '2022-09-22 13:38:35', '2022-09-22 13:38:35'),
(193, 50, 50, 16, 'sales', 'pending', 1, '2022-09-22 13:38:35', '2022-09-22 13:38:35'),
(194, 49, 49, 14, 'cashier', 'out', 2, '2022-09-22 13:40:54', '2022-09-22 13:40:54'),
(195, 50, 50, 14, 'cashier', 'out', 1, '2022-09-22 13:40:54', '2022-09-22 13:40:54'),
(196, 50, 50, 16, 'sales', 'pending', 11, '2022-09-22 13:45:00', '2022-09-22 13:45:00'),
(197, 49, 49, 16, 'sales', 'pending', 8, '2022-09-22 13:45:00', '2022-09-22 13:45:00'),
(198, 50, 50, 16, 'sales', 'pending', 5, '2022-09-22 13:45:35', '2022-09-22 13:45:35'),
(199, 50, 50, 14, 'cashier', 'out', 5, '2022-09-22 13:49:11', '2022-09-22 13:49:11'),
(200, 50, 50, 14, 'cashier', 'out', 11, '2022-09-22 13:49:43', '2022-09-22 13:49:43'),
(201, 49, 49, 14, 'cashier', 'out', 8, '2022-09-22 13:49:43', '2022-09-22 13:49:43'),
(202, 33, 33, 10, 'sales', 'pending', 5, '2022-09-23 01:10:14', '2022-09-23 01:10:14'),
(203, 33, 33, 10, 'sales', 'pending', 1, '2022-09-23 01:11:22', '2022-09-23 01:11:22'),
(204, 50, 50, 16, 'sales', 'pending', 3, '2022-09-27 00:45:08', '2022-09-27 00:45:08'),
(205, 36, 36, 12, 'cashier', 'out', 2, '2022-09-27 00:46:13', '2022-09-27 00:46:13'),
(206, 50, 50, 14, 'cashier', 'out', 3, '2022-09-27 00:47:30', '2022-09-27 00:47:30'),
(207, 36, 36, 12, 'cashier', 'add', 60, '2022-09-27 00:47:47', '2022-09-27 00:47:47'),
(208, 33, 33, 14, 'cashier', 'out', 5, '2022-09-27 00:47:59', '2022-09-27 00:47:59'),
(209, 36, 36, 20, 'sales', 'pending', 2, '2022-09-27 00:52:10', '2022-09-27 00:52:10'),
(210, 36, 36, 13, 'sales', 'pending', 44, '2022-09-27 00:55:02', '2022-09-27 00:55:02'),
(211, 36, 36, 13, 'sales', 'pending', 15, '2022-09-27 00:55:42', '2022-09-27 00:55:42'),
(212, 36, 36, 13, 'sales', 'pending', 3, '2022-09-27 00:56:16', '2022-09-27 00:56:16'),
(213, 36, 36, 12, 'cashier', 'out', 2, '2022-09-27 00:56:51', '2022-09-27 00:56:51'),
(214, 36, 36, 12, 'cashier', 'out', 15, '2022-09-27 00:57:10', '2022-09-27 00:57:10'),
(215, 36, 36, 12, 'cashier', 'out', 44, '2022-09-27 01:03:27', '2022-09-27 01:03:27'),
(216, 36, 36, 12, 'cashier', 'add', 20, '2022-09-27 01:07:18', '2022-09-27 01:07:18'),
(217, 36, 36, 12, 'cashier', 'add', 20, '2022-09-27 01:07:44', '2022-09-27 01:07:44'),
(218, 33, 33, 9, 'cashier', 'out', 1, '2022-09-27 09:25:54', '2022-09-27 09:25:54'),
(219, 36, 36, 9, 'cashier', 'out', 3, '2022-09-27 09:26:10', '2022-09-27 09:26:10'),
(220, 51, 51, 1, 'cashier', 'in', 100, '2022-09-28 00:55:29', '2022-09-28 00:55:29'),
(221, 52, 52, 18, 'cashier', 'in', 100, '2022-09-28 01:04:19', '2022-09-28 01:04:19'),
(222, 34, 34, 7, 'cashier', 'add', 30, '2022-09-28 06:15:36', '2022-09-28 06:15:36'),
(223, 34, 34, 7, 'cashier', 'add', 3, '2022-09-28 06:18:51', '2022-09-28 06:18:51'),
(224, 34, 34, 8, 'sales', 'pending', 25, '2022-09-28 06:21:37', '2022-09-28 06:21:37'),
(225, 34, 34, 7, 'cashier', 'out', 25, '2022-09-28 06:22:07', '2022-09-28 06:22:07'),
(226, 53, 53, 10, 'cashier', 'in', 15, '2022-09-30 00:21:29', '2022-09-30 00:21:29'),
(227, 53, 53, 10, 'cashier', 'add', 200, '2022-09-30 00:26:33', '2022-09-30 00:26:33'),
(228, 53, 53, 12, 'sales', 'pending', 65, '2022-09-30 00:29:52', '2022-09-30 00:29:52'),
(229, 53, 53, 10, 'cashier', 'out', 65, '2022-09-30 00:31:34', '2022-09-30 00:31:34'),
(230, 30, 30, 7, 'sales', 'pending', 1, '2022-09-30 00:55:36', '2022-09-30 00:55:36'),
(231, 30, 30, 6, 'cashier', 'out', 1, '2022-09-30 00:56:46', '2022-09-30 00:56:46'),
(232, 30, 30, 7, 'sales', 'pending', 2, '2022-09-30 00:56:57', '2022-09-30 00:56:57'),
(233, 30, 30, 6, 'cashier', 'out', 2, '2022-09-30 00:57:21', '2022-09-30 00:57:21'),
(234, 30, 30, 7, 'sales', 'pending', 1, '2022-09-30 00:57:55', '2022-09-30 00:57:55'),
(235, 30, 30, 7, 'sales', 'pending', 1, '2022-09-30 00:58:43', '2022-09-30 00:58:43'),
(236, 30, 30, 7, 'sales', 'pending', 1, '2022-09-30 00:59:27', '2022-09-30 00:59:27'),
(237, 31, 31, 7, 'sales', 'pending', 2, '2022-09-30 00:59:42', '2022-09-30 00:59:42'),
(238, 30, 30, 7, 'sales', 'pending', 1, '2022-09-30 01:00:52', '2022-09-30 01:00:52'),
(239, 31, 31, 7, 'sales', 'pending', 1, '2022-09-30 01:01:04', '2022-09-30 01:01:04'),
(240, 30, 30, 7, 'sales', 'pending', 1, '2022-09-30 01:01:18', '2022-09-30 01:01:18'),
(241, 31, 31, 7, 'sales', 'pending', 2, '2022-09-30 01:01:31', '2022-09-30 01:01:31'),
(242, 30, 30, 7, 'sales', 'pending', 1, '2022-09-30 01:02:36', '2022-09-30 01:02:36'),
(243, 30, 30, 6, 'cashier', 'out', 1, '2022-09-30 01:02:43', '2022-09-30 01:02:43'),
(244, 31, 31, 6, 'cashier', 'out', 2, '2022-09-30 01:02:55', '2022-09-30 01:02:55'),
(245, 30, 30, 7, 'sales', 'pending', 1, '2022-09-30 01:03:05', '2022-09-30 01:03:05'),
(246, 30, 30, 6, 'cashier', 'out', 1, '2022-09-30 01:03:11', '2022-09-30 01:03:11'),
(247, 30, 30, 6, 'cashier', 'out', 1, '2022-09-30 01:03:16', '2022-09-30 01:03:16'),
(248, 31, 31, 6, 'cashier', 'out', 1, '2022-09-30 01:03:21', '2022-09-30 01:03:21'),
(249, 30, 30, 6, 'cashier', 'out', 1, '2022-09-30 01:03:38', '2022-09-30 01:03:38'),
(250, 30, 30, 6, 'cashier', 'out', 1, '2022-09-30 01:03:47', '2022-09-30 01:03:47'),
(251, 30, 30, 6, 'cashier', 'out', 1, '2022-09-30 01:03:51', '2022-09-30 01:03:51'),
(252, 31, 31, 6, 'cashier', 'out', 2, '2022-09-30 01:03:56', '2022-09-30 01:03:56'),
(253, 30, 30, 6, 'cashier', 'out', 1, '2022-09-30 01:04:01', '2022-09-30 01:04:01'),
(254, 34, 34, 8, 'sales', 'pending', 17, '2022-10-05 06:12:18', '2022-10-05 06:12:18'),
(255, 34, 34, 7, 'cashier', 'out', 17, '2022-10-05 06:13:19', '2022-10-05 06:13:19'),
(256, 50, 50, 3, 'cashier', 'add', 100, '2022-10-24 03:38:40', '2022-10-24 03:38:40'),
(257, 34, 34, 3, 'cashier', 'add', 100, '2022-10-24 03:39:17', '2022-10-24 03:39:17'),
(258, 12, 12, 4, 'sales', 'pending', 2, '2022-10-28 02:36:12', '2022-10-28 02:36:12'),
(259, 15, 15, 4, 'sales', 'pending', 1, '2022-10-28 02:36:12', '2022-10-28 02:36:12'),
(260, 31, 31, 4, 'sales', 'pending', 5, '2022-10-28 02:36:12', '2022-10-28 02:36:12'),
(261, 12, 12, 3, 'cashier', 'out', 2, '2022-10-28 02:41:08', '2022-10-28 02:41:08'),
(262, 15, 15, 3, 'cashier', 'out', 1, '2022-10-28 02:41:08', '2022-10-28 02:41:08'),
(263, 31, 31, 3, 'cashier', 'out', 5, '2022-10-28 02:41:08', '2022-10-28 02:41:08'),
(264, 14, 14, 4, 'sales', 'pending', 1, '2022-10-28 03:31:54', '2022-10-28 03:31:54'),
(265, 30, 30, 4, 'sales', 'pending', 10, '2022-10-28 03:31:54', '2022-10-28 03:31:54'),
(266, 14, 14, 3, 'cashier', 'out', 1, '2022-10-28 03:40:58', '2022-10-28 03:40:58'),
(267, 30, 30, 3, 'cashier', 'out', 10, '2022-10-28 03:40:58', '2022-10-28 03:40:58');

-- --------------------------------------------------------

--
-- Struktur dari tabel `bank_infos`
--

CREATE TABLE `bank_infos` (
  `id` bigint(20) UNSIGNED NOT NULL,
  `bank_name` varchar(191) NOT NULL,
  `rekening_number` varchar(191) NOT NULL,
  `rekening_owner_name` varchar(191) NOT NULL,
  `qr_code` varchar(191) DEFAULT NULL,
  `created_at` timestamp NULL DEFAULT NULL,
  `updated_at` timestamp NULL DEFAULT NULL
) ENGINE=InnoDB DEFAULT CHARSET=utf8mb4 COLLATE=utf8mb4_unicode_ci;

-- --------------------------------------------------------

--
-- Struktur dari tabel `bukti_transfers`
--

CREATE TABLE `bukti_transfers` (
  `id` bigint(20) UNSIGNED NOT NULL,
  `invoices_id` bigint(20) UNSIGNED NOT NULL,
  `user_id` bigint(20) UNSIGNED NOT NULL,
  `user_type` enum('admin','cashier','user') NOT NULL DEFAULT 'user',
  `bank_info_id` bigint(20) UNSIGNED NOT NULL,
  `bukti_transfer_image_path` varchar(191) NOT NULL,
  `keterangan` varchar(191) DEFAULT NULL,
  `created_at` timestamp NULL DEFAULT NULL,
  `updated_at` timestamp NULL DEFAULT NULL
) ENGINE=InnoDB DEFAULT CHARSET=utf8mb4 COLLATE=utf8mb4_unicode_ci;

-- --------------------------------------------------------

--
-- Struktur dari tabel `cart_transactions`
--

CREATE TABLE `cart_transactions` (
  `id` int(10) UNSIGNED NOT NULL,
  `buyer_id` int(11) NOT NULL,
  `products_id` varchar(191) NOT NULL,
  `buy_values` varchar(191) NOT NULL,
  `status` enum('pending','done') NOT NULL,
  `created_at` timestamp NULL DEFAULT NULL,
  `updated_at` timestamp NULL DEFAULT NULL
) ENGINE=InnoDB DEFAULT CHARSET=utf8mb4 COLLATE=utf8mb4_unicode_ci;

-- --------------------------------------------------------

--
-- Struktur dari tabel `cashiers`
--

CREATE TABLE `cashiers` (
  `id` int(10) UNSIGNED NOT NULL,
  `name` varchar(191) NOT NULL,
  `email` varchar(191) DEFAULT NULL,
  `username` varchar(191) NOT NULL,
  `password` varchar(191) NOT NULL,
  `remember_token` varchar(100) DEFAULT NULL,
  `created_at` timestamp NULL DEFAULT NULL,
  `updated_at` timestamp NULL DEFAULT NULL,
  `status` tinyint(1) NOT NULL DEFAULT 1
) ENGINE=InnoDB DEFAULT CHARSET=utf8mb4 COLLATE=utf8mb4_unicode_ci;

--
-- Dumping data untuk tabel `cashiers`
--

INSERT INTO `cashiers` (`id`, `name`, `email`, `username`, `password`, `remember_token`, `created_at`, `updated_at`, `status`) VALUES
(1, 'Developer User', 'user1@email.com', 'kasir', '$2y$10$jwwLx1tAbISGvnMerN8Sn.F1dNDZmR/NfjnjiVqVMzAtFyy00wfP.', NULL, NULL, '2021-12-01 14:41:17', 0),
(2, 'kasir1', NULL, 'kasir1', '$2y$10$aEPRlB63asoy5aeLr0Tm3u/jv6dyRrNVLSGPif1ve4F2hCoozspk6', NULL, '2021-04-26 07:37:08', '2021-12-01 14:35:02', 0),
(3, 'Kasir Dev', NULL, 'kasir.dev', '$2y$10$mdxo2WopX9nGlniv.MFSAOOXH1qV//hZbkk7a5d9Btr7kaCyp/syO', NULL, '2021-12-01 14:41:37', '2021-12-01 14:41:37', 1),
(4, 'Marsya', NULL, 'acha', '$2y$10$tQmJBOtBP.yezg3fkdsPNuSWfCe2l1.X9JUZ0ceRIsTw80/l3EuTi', NULL, '2021-12-03 03:59:05', '2021-12-03 03:59:05', 1),
(5, 'ArthikaRainy', NULL, 'admin', '$2y$10$Sg9JXQ0u8tr0jXhoPn3xGOFhEA0J0vuH92tkJ6GQA2jLNaZlNzYGa', NULL, '2022-09-05 03:41:37', '2022-09-05 04:12:59', 0),
(6, 'Arthika Rainy TKJ3', NULL, 'kasirkel1', '$2y$10$N5y/mneGPBf6CDAjhNvoqOK.kzKMziDp5/Qv/V1XOxcbkkdtr/GiK', NULL, '2022-09-05 04:14:41', '2022-09-05 04:16:57', 1),
(7, 'Saskia TKJ3', NULL, 'kasirkel2', '$2y$10$rwRSqJYLtio0R5ECQeyCOuR0LvpJITgrs9UbNxKV0aP4TvMPi0vF2', NULL, '2022-09-05 04:16:39', '2022-09-05 04:16:39', 1),
(8, 'Ragil Febrian TKJ3', NULL, 'kasirkel3', '$2y$10$qRcsACcAzSxIGcT4TK45SOKJLLdcwUDWNIJGhu3URK/jSThydQt6K', NULL, '2022-09-05 04:21:36', '2022-09-05 04:21:36', 1),
(9, 'Yuda Setiawan TKJ3', NULL, 'kasirkel4', '$2y$10$27HytRv2DicgEuwmWGn4deF60UiFveONo9uEcvWQfSb9tM7kzuOKO', NULL, '2022-09-05 04:27:24', '2022-09-05 04:27:24', 1),
(10, 'M. Ihsan TKJ3', NULL, 'kasirkel5', '$2y$10$VDCwcODhMS42VpBZ8fazk.XlfyJ0h1Xazq0fSwRUh47k/ddxS4f7q', NULL, '2022-09-05 04:37:51', '2022-09-05 04:37:51', 1),
(11, 'Farin TKJ2', NULL, 'farinmia17', '$2y$10$8F9ugL71kDpfD9Dn29ZP0eu5cAY8yfpai4zOdoq8Aqopn7Uh5wbzW', NULL, '2022-09-06 01:16:08', '2022-09-06 01:20:02', 0),
(12, 'Farin tkj2', NULL, 'farin17', '$2y$10$22N2x4P5R/sQujvmwOymdOpZesxKfnPit53LqXV6atv0dm9MLV66m', NULL, '2022-09-06 01:20:29', '2022-09-06 01:20:29', 1),
(13, 'Nadia Prima', NULL, 'nadiap', '$2y$10$.jBiQDjd3LuyY0UqqbXrYu6dMS/1VsPDymMwD45xFMUlmseQVplQy', NULL, '2022-09-06 01:27:56', '2022-09-06 02:17:15', 0),
(14, 'Marsya', NULL, 'Cacaente', '$2y$10$4TfW/jZxN58ZvxFRPiAucey8ylWEr0wY/b17MGOkM3MS1LJ/NIoc2', NULL, '2022-09-06 01:41:56', '2022-09-06 01:41:56', 1),
(15, 'DHAIFANDRI', NULL, 'DEYANDRI', '$2y$10$jUDnJ9b4G/PlTXIBbh0nI.oUYT1AmutxUTmJ1O0uhf9Y7mcQDOm8y', NULL, '2022-09-06 01:49:14', '2022-10-25 01:31:08', 0),
(16, 'Ahmad Bustan', NULL, 'Hafiz', '$2y$10$LM1kNyXd9KnuO20dSeCwROeV7HydQDwedI.jtM1JQ2Z/HrD.v/pU2', NULL, '2022-09-06 02:03:39', '2022-09-06 02:03:39', 1),
(17, 'nadia prima', NULL, 'sales12345', '$2y$10$.NBNgcse7SCxAWycDvEkY.5QUXoDH.ZV.mmxMLlKkBVKCXaaa9Sye', NULL, '2022-09-06 02:18:27', '2022-09-06 02:18:27', 1),
(18, 'nadia prima s', NULL, 'nadiap92', '$2y$10$oZXVjJJXoHtct7fXbsA6dOoReJQlHTLYTLuY7CFM1dRmGyjjGWNRC', NULL, '2022-09-06 02:27:48', '2022-09-06 02:27:48', 1),
(19, 'DHAIFANDRI', NULL, 'deyandri20', '$2y$10$FHGrGb7YAZu69VfSGnVksOwK4GcgE5xd/5qrAxjPm6Dy5ltpFj2vi', NULL, '2022-10-25 01:32:22', '2022-10-25 01:32:22', 1);

-- --------------------------------------------------------

--
-- Struktur dari tabel `category_products`
--

CREATE TABLE `category_products` (
  `id` bigint(20) UNSIGNED NOT NULL,
  `name` varchar(191) NOT NULL,
  `status` tinyint(1) NOT NULL DEFAULT 1
) ENGINE=InnoDB DEFAULT CHARSET=utf8mb4 COLLATE=utf8mb4_unicode_ci;

--
-- Dumping data untuk tabel `category_products`
--

INSERT INTO `category_products` (`id`, `name`, `status`) VALUES
(3, 'Aplikasi', 1),
(4, 'PLN', 1),
(5, 'PDAM', 1),
(6, 'PULSA', 1),
(7, 'Minyak Botol', 1),
(8, 'Minyak Kemasan', 1),
(9, 'Gula Pasir', 1),
(10, 'Jasa Web Hosting', 1),
(11, 'System Elearning', 1),
(12, 'System Elearning', 1),
(13, 'Fingerprint', 1),
(14, 'Absensi Online', 1),
(15, 'Networking', 1),
(16, 'Keyboard asus a433u', 1),
(17, 'Keyboard asus a433u', 1),
(18, 'XI TKJ 3', 1),
(19, 'XI TKJ 2', 1);

-- --------------------------------------------------------

--
-- Struktur dari tabel `failed_jobs`
--

CREATE TABLE `failed_jobs` (
  `id` bigint(20) UNSIGNED NOT NULL,
  `connection` text NOT NULL,
  `queue` text NOT NULL,
  `payload` longtext NOT NULL,
  `exception` longtext NOT NULL,
  `failed_at` timestamp NOT NULL DEFAULT current_timestamp()
) ENGINE=InnoDB DEFAULT CHARSET=utf8mb4 COLLATE=utf8mb4_unicode_ci;

-- --------------------------------------------------------

--
-- Struktur dari tabel `fakturs`
--

CREATE TABLE `fakturs` (
  `id` int(10) UNSIGNED NOT NULL,
  `order_id` bigint(20) DEFAULT 0,
  `faktur_number` bigint(20) DEFAULT 0,
  `created_at` timestamp NULL DEFAULT NULL,
  `updated_at` timestamp NULL DEFAULT NULL
) ENGINE=InnoDB DEFAULT CHARSET=utf8mb4 COLLATE=utf8mb4_unicode_ci;

--
-- Dumping data untuk tabel `fakturs`
--

INSERT INTO `fakturs` (`id`, `order_id`, `faktur_number`, `created_at`, `updated_at`) VALUES
(6, 20211203500001, 1, '2021-12-03 08:16:34', '2021-12-03 08:16:34'),
(7, 20211209120001, 2, '2021-12-09 14:13:59', '2021-12-09 14:13:59'),
(8, 20211223120001, 3, '2021-12-23 00:49:00', '2021-12-23 00:49:00'),
(9, 20211223120002, 4, '2021-12-23 00:51:33', '2021-12-23 00:51:33'),
(10, 20211223120003, 5, '2021-12-23 00:51:56', '2021-12-23 00:51:56'),
(11, 20220114120001, 6, '2022-01-14 03:31:32', '2022-01-14 03:31:32'),
(12, 20220114120002, 7, '2022-01-14 03:33:24', '2022-01-14 03:33:24'),
(13, 20220114400001, 8, '2022-01-14 03:40:24', '2022-01-14 03:40:24'),
(14, 20220118400001, 9, '2022-01-18 02:38:40', '2022-01-18 02:38:40'),
(15, 20220118400002, 10, '2022-01-18 03:07:06', '2022-01-18 03:07:06'),
(16, 20220119400001, 11, '2022-01-19 06:53:27', '2022-01-19 06:53:27'),
(17, 20220131320001, 12, '2022-01-31 01:09:52', '2022-01-31 01:09:52'),
(18, 20220216400001, 13, '2022-02-16 03:38:55', '2022-02-16 03:38:55'),
(19, 20220309120001, 14, '2022-03-09 03:36:57', '2022-03-09 03:36:57'),
(20, 20220513120001, 15, '2022-05-13 02:02:31', '2022-05-13 02:02:31'),
(21, 20220905400001, 16, '2022-09-05 05:02:55', '2022-09-05 05:02:55'),
(22, 202209061700001, 17, '2022-09-06 06:24:24', '2022-09-06 06:24:24'),
(23, 20220907120001, 18, '2022-09-07 13:58:28', '2022-09-07 13:58:28'),
(24, 20220907400001, 19, '2022-09-07 13:59:40', '2022-09-07 13:59:40'),
(25, 202209081700001, 20, '2022-09-08 15:41:49', '2022-09-08 15:41:49'),
(26, 202209091000001, 21, '2022-09-09 00:38:33', '2022-09-09 00:38:33'),
(27, 20220909700001, 22, '2022-09-09 00:40:49', '2022-09-09 00:40:49'),
(28, 20220909800001, 23, '2022-09-09 00:43:07', '2022-09-09 00:43:07'),
(29, 20220909700002, 24, '2022-09-09 00:46:28', '2022-09-09 00:46:28'),
(30, 20220909700003, 25, '2022-09-09 00:48:05', '2022-09-09 00:48:05'),
(31, 20220909700004, 26, '2022-09-09 00:50:23', '2022-09-09 00:50:23'),
(32, 20220909800002, 27, '2022-09-09 00:53:28', '2022-09-09 00:53:28'),
(33, 20220909800003, 28, '2022-09-09 01:00:04', '2022-09-09 01:00:04'),
(34, 202209131600001, 29, '2022-09-13 01:56:21', '2022-09-13 01:56:21'),
(35, 202209131600002, 30, '2022-09-13 02:07:52', '2022-09-13 02:07:52'),
(36, 202209131600003, 31, '2022-09-13 02:13:50', '2022-09-13 02:13:50'),
(37, 202209141000001, 32, '2022-09-14 00:07:18', '2022-09-14 00:07:18'),
(38, 202209142000001, 33, '2022-09-14 00:36:49', '2022-09-14 00:36:49'),
(39, 202209141700001, 34, '2022-09-14 13:57:13', '2022-09-14 13:57:13'),
(40, 202209141700002, 35, '2022-09-14 14:29:44', '2022-09-14 14:29:44'),
(41, 202209141700003, 36, '2022-09-14 14:34:16', '2022-09-14 14:34:16'),
(42, 202209151700001, 37, '2022-09-15 12:23:41', '2022-09-15 12:23:41'),
(43, 202209151700002, 37, '2022-09-15 12:23:41', '2022-09-15 12:23:41'),
(44, 202209161000001, 38, '2022-09-16 00:02:01', '2022-09-16 00:02:01'),
(45, 20220916800001, 39, '2022-09-16 00:50:15', '2022-09-16 00:50:15'),
(46, 202209162000001, 40, '2022-09-16 02:55:26', '2022-09-16 02:55:26'),
(47, 202209171700001, 41, '2022-09-17 05:01:02', '2022-09-17 05:01:02'),
(48, 202209181700001, 42, '2022-09-18 05:31:14', '2022-09-18 05:31:14'),
(49, 202209181700002, 43, '2022-09-18 05:32:39', '2022-09-18 05:32:39'),
(50, 202209181700003, 44, '2022-09-18 14:24:06', '2022-09-18 14:24:06'),
(51, 20220919900001, 45, '2022-09-19 04:39:23', '2022-09-19 04:39:23'),
(52, 20220920900001, 46, '2022-09-20 10:48:41', '2022-09-20 10:48:41'),
(53, 20220921900001, 47, '2022-09-21 05:02:55', '2022-09-21 05:02:55'),
(54, 202209221600001, 48, '2022-09-22 13:35:25', '2022-09-22 13:35:25'),
(55, 202209221600002, 49, '2022-09-22 13:38:35', '2022-09-22 13:38:35'),
(56, 202209221600003, 50, '2022-09-22 13:45:00', '2022-09-22 13:45:00'),
(57, 202209221600004, 51, '2022-09-22 13:45:35', '2022-09-22 13:45:35'),
(58, 202209231000001, 52, '2022-09-23 01:10:14', '2022-09-23 01:10:14'),
(59, 202209231000002, 53, '2022-09-23 01:11:22', '2022-09-23 01:11:22'),
(60, 202209271600001, 54, '2022-09-27 00:45:08', '2022-09-27 00:45:08'),
(61, 202209271220002, 55, '2022-09-27 00:46:13', '2022-09-27 00:46:13'),
(62, 202209272000001, 56, '2022-09-27 00:52:10', '2022-09-27 00:52:10'),
(63, 202209271300001, 57, '2022-09-27 00:55:02', '2022-09-27 00:55:02'),
(64, 202209271300002, 58, '2022-09-27 00:55:42', '2022-09-27 00:55:42'),
(65, 202209271300003, 59, '2022-09-27 00:56:16', '2022-09-27 00:56:16'),
(66, 20220928800001, 60, '2022-09-28 06:21:37', '2022-09-28 06:21:37'),
(67, 202209301200001, 61, '2022-09-30 00:29:52', '2022-09-30 00:29:52'),
(68, 20220930700001, 62, '2022-09-30 00:55:36', '2022-09-30 00:55:36'),
(69, 20220930700002, 63, '2022-09-30 00:56:57', '2022-09-30 00:56:57'),
(70, 20220930700003, 64, '2022-09-30 00:57:55', '2022-09-30 00:57:55'),
(71, 20220930700004, 65, '2022-09-30 00:58:43', '2022-09-30 00:58:43'),
(72, 20220930700005, 66, '2022-09-30 00:59:27', '2022-09-30 00:59:27'),
(73, 20220930700006, 67, '2022-09-30 00:59:42', '2022-09-30 00:59:42'),
(74, 20220930700007, 68, '2022-09-30 01:00:52', '2022-09-30 01:00:52'),
(75, 20220930700008, 69, '2022-09-30 01:01:04', '2022-09-30 01:01:04'),
(76, 20220930700009, 70, '2022-09-30 01:01:18', '2022-09-30 01:01:18'),
(77, 20220930700010, 71, '2022-09-30 01:01:31', '2022-09-30 01:01:31'),
(78, 20220930700011, 72, '2022-09-30 01:02:36', '2022-09-30 01:02:36'),
(79, 20220930700012, 73, '2022-09-30 01:03:05', '2022-09-30 01:03:05'),
(80, 20221005800001, 74, '2022-10-05 06:12:18', '2022-10-05 06:12:18'),
(81, 20221028400001, 75, '2022-10-28 02:36:12', '2022-10-28 02:36:12'),
(82, 20221028400002, 76, '2022-10-28 03:31:54', '2022-10-28 03:31:54');

-- --------------------------------------------------------

--
-- Struktur dari tabel `keranjangs`
--

CREATE TABLE `keranjangs` (
  `id` int(10) UNSIGNED NOT NULL,
  `user_id` bigint(20) UNSIGNED NOT NULL,
  `product_id` bigint(20) UNSIGNED NOT NULL,
  `buy_value` int(11) NOT NULL,
  `user_type` enum('admin','cashier','user','anonim') NOT NULL DEFAULT 'anonim',
  `custom_price` bigint(20) NOT NULL DEFAULT 0
) ENGINE=InnoDB DEFAULT CHARSET=utf8mb4 COLLATE=utf8mb4_unicode_ci;

-- --------------------------------------------------------

--
-- Struktur dari tabel `migrations`
--

CREATE TABLE `migrations` (
  `id` int(10) UNSIGNED NOT NULL,
  `migration` varchar(191) NOT NULL,
  `batch` int(11) NOT NULL
) ENGINE=InnoDB DEFAULT CHARSET=utf8mb4 COLLATE=utf8mb4_unicode_ci;

--
-- Dumping data untuk tabel `migrations`
--

INSERT INTO `migrations` (`id`, `migration`, `batch`) VALUES
(1, '2014_10_12_000000_create_users_table', 1),
(2, '2014_10_12_100000_create_password_resets_table', 1),
(3, '2019_08_19_000000_create_failed_jobs_table', 1),
(4, '2020_10_22_024651_create_admins_table', 1),
(5, '2020_10_22_031115_create_roles_table', 1),
(6, '2020_10_22_040623_create_cashiers_table', 1),
(7, '2020_10_22_055504_create_category_products_table', 1),
(8, '2020_10_22_172624_create_products_table', 1),
(9, '2020_10_23_155157_create_units_table', 1),
(10, '2020_10_23_161426_create_stocks_table', 1),
(11, '2020_10_24_004453_create_stock_activities_table', 1),
(12, '2020_10_26_115610_create_profile_users_table', 1),
(13, '2020_10_28_102119_create_keranjangs_table', 1),
(14, '2020_10_28_110806_add_slug_to_products_table', 1),
(15, '2020_10_29_025909_create_about_us_table', 1),
(16, '2020_10_31_133307_create_receipts_transactions_table', 1),
(17, '2020_11_01_022906_create_cart_transactions_table', 1),
(18, '2020_11_01_103325_create_websites_table', 1),
(19, '2020_11_07_104315_create_fakturs_table', 1),
(20, '2020_11_07_111046_add_table_note_to_receipts__transactions', 1),
(21, '2020_11_08_064937_add_total__productprices_to_receipts__transactions_table', 1),
(22, '2020_11_10_093103_add_order__via_to_receipts__transactions_table', 1),
(23, '2020_11_13_132952_add_3_column_table_to_receipts__transactions_table', 1),
(24, '2020_11_14_060003_add_2_column_to_keranjangs_table', 1),
(25, '2020_11_14_083038_create_prices__customs_table', 1),
(26, '2020_11_14_083605_add_hide_to_products_table', 1),
(27, '2020_11_17_093006_add_status_to_cashiers_table', 1),
(28, '2020_11_17_093056_add_status_to_users_table', 1),
(29, '2020_11_17_095506_add_status_to_categories_table', 1),
(30, '2020_11_17_095518_add_status_to_units_table', 1),
(31, '2022_04_20_104743_create_bank_infos_table', 2),
(32, '2022_04_20_110027_create_bukti_transfers_table', 2);

-- --------------------------------------------------------

--
-- Struktur dari tabel `password_resets`
--

CREATE TABLE `password_resets` (
  `email` varchar(191) NOT NULL,
  `token` varchar(191) NOT NULL,
  `created_at` timestamp NULL DEFAULT NULL
) ENGINE=InnoDB DEFAULT CHARSET=utf8mb4 COLLATE=utf8mb4_unicode_ci;

-- --------------------------------------------------------

--
-- Struktur dari tabel `prices__customs`
--

CREATE TABLE `prices__customs` (
  `id` bigint(20) UNSIGNED NOT NULL,
  `user_id` bigint(20) NOT NULL,
  `user_type` enum('admin','cashier','user') NOT NULL DEFAULT 'user',
  `product_id` bigint(20) NOT NULL,
  `prices_c` bigint(20) NOT NULL
) ENGINE=InnoDB DEFAULT CHARSET=utf8mb4 COLLATE=utf8mb4_unicode_ci;

-- --------------------------------------------------------

--
-- Struktur dari tabel `products`
--

CREATE TABLE `products` (
  `id` int(10) UNSIGNED NOT NULL,
  `category_id` int(11) NOT NULL DEFAULT 0,
  `kodebrg` varchar(191) NOT NULL,
  `nama_product` varchar(191) NOT NULL,
  `description` text DEFAULT NULL,
  `price` int(11) DEFAULT 0,
  `img` varchar(191) DEFAULT NULL,
  `unit_id` int(11) DEFAULT 0,
  `created_at` timestamp NULL DEFAULT NULL,
  `updated_at` timestamp NULL DEFAULT NULL,
  `slug` varchar(191) NOT NULL,
  `product_status` enum('show','hide') NOT NULL DEFAULT 'show'
) ENGINE=InnoDB DEFAULT CHARSET=utf8mb4 COLLATE=utf8mb4_unicode_ci;

--
-- Dumping data untuk tabel `products`
--

INSERT INTO `products` (`id`, `category_id`, `kodebrg`, `nama_product`, `description`, `price`, `img`, `unit_id`, `created_at`, `updated_at`, `slug`, `product_status`) VALUES
(4, 3, 'A001', 'Test produk', '<p>Test</p>', 1000000, 'product-img/A001_1638369863overview_dasbor_siswa.png', 6, '2021-12-01 14:44:24', '2021-12-01 14:54:37', 'test-produk', 'hide'),
(5, 4, '001', 'Token Listrik 100k', NULL, 103000, 'product-img/default-img-product.png', 6, '2021-12-03 04:05:58', '2021-12-03 04:07:26', 'token-listrik-100k', 'hide'),
(6, 19, 'PLN002', 'Diamond Mobile Legend 14💎', NULL, 4000, 'product-img/PLN002_166243073412-126417_clipart-diamond-cute-mobile-legends-diamond-png.png', 6, '2021-12-03 04:07:03', '2022-09-06 05:27:22', 'diamond-mobile-legend-14', 'hide'),
(7, 4, 'PLN001', 'Token Listrik 100k', NULL, 102500, 'product-img/PLN001_1638505093cara_pengaduan_pln.jpg', 6, '2021-12-03 04:07:49', '2021-12-03 04:07:49', 'token-listrik-100k', 'show'),
(8, 4, 'PLN003', 'Token Listrik 20k', NULL, 22500, 'product-img/PLN003_1638505103cara_pengaduan_pln.jpg', 6, '2021-12-03 04:09:10', '2021-12-03 04:09:10', 'token-listrik-20k', 'show'),
(9, 6, 'PULSA', 'ALL OPERATOR 10K', NULL, 12000, 'product-img/PULSA_1638515639pulsa-all-operator.jpg', 6, '2021-12-03 04:10:32', '2021-12-03 04:10:32', 'all-operator-10k', 'show'),
(10, 3, 'PLN005', 'LISTRIK PRABAYAR', NULL, 123, 'product-img/PLN005_1638505009LISTRIK_PRABAYAR.jpg', 6, '2021-12-03 04:12:53', '2021-12-03 04:12:53', 'listrik-prabayar', 'show'),
(11, 3, 'JASA001', 'JASA INSTALLASI LAB KOMPUTER (PERTITIK)', NULL, 75000, 'product-img/JASA001_16385153546ee03466-23f4-4f71-ad99-2c0ecdc980f4.jpg', 6, '2021-12-03 07:09:14', '2021-12-03 07:09:14', 'jasa-installasi-lab-komputer-pertitik', 'show'),
(12, 7, 'MYK001', 'TROPIKAL 1L', NULL, 17900, 'product-img/MYK001_1638518356tropikal_1L_botol.jpg', 6, '2021-12-03 07:59:16', '2021-12-03 07:59:16', 'tropikal-1l', 'show'),
(13, 7, 'MYK002', 'TROPIKAL 2L', NULL, 35900, 'product-img/MYK002_1638518434tropikal_2l_botol.jpg', 6, '2021-12-03 08:00:34', '2021-12-03 08:00:34', 'tropikal-2l', 'show'),
(14, 8, 'MYK003', 'BIMOLI 1L', NULL, 18900, 'product-img/MYK003_1638518512bimoli_kemasan.jpg', 6, '2021-12-03 08:01:52', '2021-12-03 08:01:52', 'bimoli-1l', 'show'),
(15, 9, 'GL001', 'GULAKU 1KG', NULL, 12500, 'product-img/GL001_1638518564gulaku_1kg.jpg', 6, '2021-12-03 08:02:44', '2021-12-03 08:02:44', 'gulaku-1kg', 'show'),
(16, 9, 'GL002', 'GMP 1KG', NULL, 12600, 'product-img/GL002_1638518607gmp_1kg.jpg', 6, '2021-12-03 08:03:27', '2021-12-03 08:03:27', 'gmp-1kg', 'show'),
(17, 10, 'JS001', 'Jasa Web Hosting', NULL, 2500000, 'product-img/default-img-product.png', 6, '2021-12-09 14:08:54', '2021-12-09 14:08:54', 'jasa-web-hosting', 'show'),
(18, 15, 'TC0001', 'CRIMPING TOOLS (TRENDNET)', NULL, 300000, 'product-img/default-img-product.png', 6, '2021-12-09 14:10:37', '2021-12-09 14:10:37', 'crimping-tools-trendnet', 'show'),
(19, 3, '003', 'LAPTOP A410KAO', NULL, 7150000, 'product-img/default-img-product.png', 6, '2022-01-31 01:09:06', '2022-01-31 01:09:06', 'laptop-a410kao', 'show'),
(20, 15, 'KBL001', 'KABEL UTP ROLL SPECTRA', NULL, 650000, 'product-img/default-img-product.png', 6, '2022-03-09 03:12:16', '2022-03-09 03:12:16', 'kabel-utp-roll-spectra', 'show'),
(21, 15, 'CON001', 'CONECTOR RJ45 CAT 5e', NULL, 125000, 'product-img/default-img-product.png', 6, '2022-03-09 03:13:24', '2022-03-09 03:13:24', 'conector-rj45-cat-5e', 'show'),
(22, 15, 'LAN001', 'LAN TESTER RJ54 DAN RJ11', NULL, 125000, 'product-img/default-img-product.png', 6, '2022-03-09 03:14:12', '2022-03-09 03:14:12', 'lan-tester-rj54-dan-rj11', 'show'),
(23, 15, 'TC002', 'TANG KRIMPING UNIVERSAL KUNCIAN', NULL, 175000, 'product-img/default-img-product.png', 6, '2022-03-09 03:15:14', '2022-03-09 03:15:14', 'tang-krimping-universal-kuncian', 'show'),
(24, 15, 'SWT001', 'TPLINK SWITCH 5PORT GIGABIT', NULL, 315000, 'product-img/default-img-product.png', 6, '2022-03-09 03:16:39', '2022-03-09 03:16:39', 'tplink-switch-5port-gigabit', 'show'),
(25, 15, 'AP001', 'ACCES POINT TL-WR820N', NULL, 365000, 'product-img/default-img-product.png', 6, '2022-03-09 03:18:38', '2022-03-09 03:18:38', 'acces-point-tl-wr820n', 'show'),
(26, 15, 'MRT001', 'MIKROTIK RB951 UI', NULL, 1350000, 'product-img/default-img-product.png', 6, '2022-03-09 03:19:44', '2022-09-05 04:25:58', 'mikrotik-rb951-ui', 'hide'),
(27, 15, 'DVD001', 'GT-PRO PACK', NULL, 275000, 'product-img/default-img-product.png', 6, '2022-03-09 03:21:02', '2022-03-09 03:21:02', 'gt-pro-pack', 'show'),
(28, 15, 'WRL001', 'USB ADAPTER 150Mbps', NULL, 155000, 'product-img/default-img-product.png', 6, '2022-03-09 03:25:30', '2022-09-09 00:11:04', 'usb-adapter-150mbps', 'hide'),
(29, 15, 'OB0001', 'OBENG SET', NULL, 25000, 'product-img/default-img-product.png', 6, '2022-03-09 03:26:06', '2022-09-09 00:11:40', 'obeng-set', 'hide'),
(30, 18, 'K1A', 'Cilok Jeletot', '<p>Cilok atau Aci dicolok merupakan makanan dari daerah Jawa Barat yang berbahan dasar Aci/Sagu. Cilok sangat enak dimakan saat hujan ataupun saat mengobrol dengan teman, apalagi cilok jeletot pedes ini, siapa si yang ga suka? yuk segera pesan Cilok Jeletot kami ya!</p>', 5000, 'product-img/K1A_1662350505IMG_20220905_105348.jpg', 6, '2022-09-05 04:01:46', '2022-09-05 04:01:46', 'cilok-jeletot', 'show'),
(31, 18, 'K1B', 'Cilok Bumbu Kacang', '<p>Selain Cilok Jeletot kami juga menjual produk Cilok Bumbu Kacang loh! Buat yang nggak suka pedes, rasa tetep enak😋</p>', 5000, 'product-img/K1B_1662350863IMG_20220905_105400.jpg', 6, '2022-09-05 04:07:43', '2022-09-05 04:07:43', 'cilok-bumbu-kacang', 'show'),
(32, 18, 'K 5', 'kopi', '<p>Kopi, bisa di nikmati kapan saja dan dmnaa saja silahkan di belii uhuuuyyy!!!</p>', 3000, 'product-img/K 5_1662351347IMG-20220905-WA0003.jpg', 6, '2022-09-05 04:15:47', '2022-09-05 04:15:47', 'kopi', 'show'),
(33, 18, 'K 4', 'Pangsit goreng', '<p>Pangsit adalah makanan khas</p>', 5000, 'product-img/K 4_1662352053IMG-20220905-WA0067.jpg', 6, '2022-09-05 04:27:33', '2022-09-05 04:27:33', 'pangsit-goreng', 'show'),
(34, 18, 'K2A', 'Kripca (keripik kaca)', '<p>Yummy snack</p><p>Lezat,gurih,pedas,wenak poll&nbsp;</p><p>Terbuat dari bahan berkualitas dan harga terjangkau</p>', 5000, 'product-img/K2a_1662352158IMG-20220905-WA0005.jpg', 7, '2022-09-05 04:29:18', '2022-09-05 04:29:18', 'kripca-keripik-kaca', 'show'),
(35, 18, 'K31A', 'Pulsa 10k', '<p>Pulsa TKJ3&nbsp;</p><p>By : Dana&nbsp;</p><p>10.000 : Rp.13.000&nbsp;</p><p>Stok : Tergantung saldo&nbsp;</p><p>Untuk urusan pulsa elektrik all operator, tak perlu bayar mahal. jadilah pelanggan kami dan dapatkan harga terbaik…</p>', 13000, 'product-img/K31A_1662355133IMG-20220905-WA0006.jpg', 6, '2022-09-05 05:18:53', '2022-09-05 05:18:53', 'pulsa-10k', 'show'),
(36, 19, 'NP170106', 'Basreng & Kripik kaca', '<p>Enak bgtt lochh! Pedas manis gurih🤩🤩</p>', 5000, 'product-img/NP170106_1662429163IMG-20220906-WA0014.jpg', 7, '2022-09-06 01:52:43', '2022-09-06 01:52:43', 'basreng-kripik-kaca', 'show'),
(37, 19, 'MLB001', 'DIAMOND ML 💎14', '<p>TOP UP DIAMOND ML PAKET B TERMURAH!!! 100% LEGAL!!</p><p>CARA ORDER📍</p><ul><li>Chat/Contact ADMIN KE NO (0897-9815-802)</li><li>Pilih DIAMOND ML yang ingin di beli</li><li>Isi Format (akan di kasih Sama admin) Berupa 1. ID &amp; SERVER 2. NICKNAME 3. JUMLAH ORDER 4. SISA DIAMOND.</li><li>Lakukan Pembayaran Dengan METHOD ADMIN Punya (DANA,OVO,GOPAY,SPAY,BNI,QRIS,COD) bagi e-walletnya belom premium bisa menggunakan SCAN QRIS</li><li>Kirim Bukti pembayaran.</li><li>Diamond akan masuk ke akun kalian🌟</li><li>Jangan lupa ss untuk di jadikan TESTI✨</li></ul><p>#NOTE&nbsp;</p><p>COD HANYA SECIKARANG UTARA.</p><p>LEBIH MURAH DARI CODASHOP, UNIPIN DLL….</p><p>⚡ESTIMASI 1-10 MENIT&nbsp;</p><p>&nbsp;</p>', 4000, 'product-img/MLB001_1662444333IMG_20220906_130520.jpg', 7, '2022-09-06 05:40:20', '2022-09-06 05:40:20', 'diamond-ml-14', 'show'),
(38, 19, 'MLB002', 'DIAMOND ML 💎42', '<p>TOP UP DIAMOND ML PAKET B TERMURAH!!! 100% LEGAL!!</p><p>CARA ORDER📍</p><ul><li>Chat/Contact ADMIN KE NO (0897-9815-802)</li><li>Pilih DIAMOND ML yang ingin di beli</li><li>Isi Format (akan di kasih Sama admin) Berupa 1. ID &amp; SERVER 2. NICKNAME 3. JUMLAH ORDER 4. SISA DIAMOND.</li><li>Lakukan Pembayaran Dengan METHOD ADMIN Punya (DANA,OVO,GOPAY,SPAY,BNI,QRIS,COD) bagi e-walletnya belom premium bisa menggunakan SCAN QRIS</li><li>Kirim Bukti pembayaran.</li><li>Diamond akan masuk ke akun kalian🌟</li><li>Jangan lupa ss untuk di jadikan TESTI✨</li></ul><p>#NOTE&nbsp;</p><p>COD HANYA SECIKARANG UTARA.</p><p>LEBIH MURAH DARI CODASHOP, UNIPIN DLL….</p><p>⚡ESTIMASI 1-10 MENIT&nbsp;</p><p>&nbsp;</p><p>&nbsp;</p>', 12000, 'product-img/MLB002_1662444749IMG_20220906_130753.jpg', 6, '2022-09-06 06:12:29', '2022-09-06 06:12:29', 'diamond-ml-42', 'show'),
(39, 18, 'K31B', 'Pulpen Standar', '<p>Pulpen standard</p><p>2k per pcs&nbsp;</p><p>Ayo beli untuk kebutahan tulis menulis anda ;)&nbsp;</p><p>Terimakasih yang sudah membeli…&lt;3</p>', 2000, 'product-img/K31B_166247680320220801_094050_0000.png', 7, '2022-09-06 15:06:44', '2022-09-06 15:06:44', 'pulpen-standar', 'show'),
(40, 19, 'CC1505', 'Makbimer', '<p>Makbimer lezat dan begizi</p><p>-jika sudah dilist dan sudah ditentukan waktu nya tidak bisa dibatalkan.&nbsp;</p><p>-pemesanan secara online/cod, ongkir sesuai dengan jarak.&nbsp;</p>', 5000, 'product-img/CC1505_1662512698IMG-20220905-WA0007.jpg', 7, '2022-09-07 01:04:58', '2022-09-14 01:16:06', 'makbimer', 'hide'),
(41, 18, 'K31AB', 'PULSA', '<p>PULSA&nbsp;</p><p>10000 : Rp.13.000&nbsp;</p><p>Stok : tergantung Saldo&nbsp;</p><p>&nbsp;</p>', 13000, 'product-img/K31AB_166295901420220909_080138_0000.png', 6, '2022-09-12 05:03:35', '2022-09-14 01:16:10', 'pulsa', 'hide'),
(42, 19, '00011001101', 'Es buah segar', '<p><i>Segerin ajh pake es buah dijamin haus nya hilang semua masalah juga hilang</i></p>', 10000, 'product-img/00011001101_1663118094IMG-20220907-WA0013.jpg', 7, '2022-09-14 01:14:54', '2022-09-14 01:16:58', 'es-buah-segar', 'hide'),
(43, 19, 'KJA', 'KejuAroma', '<p>Makanan Lezat dan bergizi</p>', 1000, 'product-img/KJA_1663118475IMG-20220914-WA0006.jpg', 7, '2022-09-14 01:19:07', '2022-09-14 14:07:37', 'kejuaroma', 'hide'),
(44, 19, '01011010', 'Es buah segar', '<p>Segarin ajh Pake es buah insyaallah hausnya hilang dan semua masalah jadi hilang dan pikiran jadi plong</p>', 10000, 'product-img/01011010_1663118412IMG-20220907-WA0013.jpg', 7, '2022-09-14 01:20:12', '2022-09-14 14:07:45', 'es-buah-segar', 'hide'),
(45, 19, 'PCL', 'pisang cokelat lumer', '<p>lezat dan bergizi guys</p>', 1500, 'product-img/PCL_1663118704IMG-20220914-WA0006.jpg', 7, '2022-09-14 01:25:04', '2022-09-14 14:08:31', 'pisang-cokelat-lumer', 'hide'),
(46, 19, 'MLB003', 'DIAMOND ML 💎 28', '<p>TOP UP DIAMOND ML PAKET B TERMURAH!!! 100% LEGAL!!</p><p>CARA ORDER📍</p><ul><li>Chat/Contact ADMIN KE NO (0897-9815-802)</li><li>Pilih DIAMOND ML yang ingin di beli</li><li>Isi Format (akan di kasih Sama admin) Berupa 1. ID &amp; SERVER 2. NICKNAME 3. JUMLAH ORDER 4. SISA DIAMOND.</li><li>Lakukan Pembayaran Dengan METHOD ADMIN Punya (DANA,OVO,GOPAY,SPAY,BNI,QRIS,COD) bagi e-walletnya belom premium bisa menggunakan SCAN QRIS</li><li>Kirim Bukti pembayaran.</li><li>Diamond akan masuk ke akun kalian🌟</li><li>Jangan lupa ss untuk di jadikan TESTI✨</li></ul><p>#NOTE&nbsp;</p><p>COD HANYA SECIKARANG UTARA.</p><p>LEBIH MURAH DARI CODASHOP, UNIPIN DLL….</p><p>⚡ESTIMASI 1-10 MENIT&nbsp;</p><p>&nbsp;</p>', 9000, 'product-img/MLB003_1663161904IMG_20220914_202332.jpg', 7, '2022-09-14 13:25:04', '2022-09-14 13:25:04', 'diamond-ml-28', 'show'),
(47, 18, 'K31A2', 'Pulsa 20k', '<p>Pulsa TKJ 3</p><p>By Shopeepay</p><p>20000 = Rp.23.000&nbsp;</p><p>Stok = Tergantung saldo</p>', 23000, 'product-img/K31A2_166356226920220909_080138_0000.png', 6, '2022-09-19 04:37:50', '2022-09-19 04:37:50', 'pulsa-20k', 'show'),
(48, 18, 'K31A3', 'Pulsa 15k', '<p>Pulsa TKJ 3</p><p>By Shopeepay&nbsp;</p><p>15000 = Rp.18.000&nbsp;</p><p>Stok : Tergantung saldo</p>', 18000, 'product-img/K31A3_166364674020220909_080138_0000.png', 6, '2022-09-20 04:05:40', '2022-09-20 04:05:40', 'pulsa-15k', 'show'),
(49, 19, 'CC1605', 'Ubi Lumer', '<p>Ubi Lumer enak dan bergiji</p>', 5, 'product-img/CC1605_1663852636IMG-20220905-WA0007.jpg', 7, '2022-09-22 13:17:16', '2022-09-22 13:17:16', 'ubi-lumer', 'show'),
(50, 19, 'CC2006', 'Pastel', '<p>pastel lejat</p>', 5, 'product-img/CC2006_1663852714IMG-20220916-WA0014.jpg', 7, '2022-09-22 13:18:34', '2022-09-22 13:18:34', 'pastel', 'show'),
(51, 19, 'KJA001', 'Keju Aroma', '<p>Keju aroma terbuat dari bahan yg berkualitas</p><p>Rasanya enak, nikmat dan lezat</p>', 1000, 'product-img/KJA001_1664326938IMG-20220914-WA0006.jpg', 7, '2022-09-28 00:55:29', '2022-09-28 00:55:29', 'keju-aroma', 'show'),
(52, 19, 'PCL123', 'Pisang Coklat Lumer', '<p>enak loh guys!!!jangan lupa beli</p>', 1500, 'product-img/PCL123_1664327058IMG-20220914-WA0006.jpg', 7, '2022-09-28 01:04:18', '2022-09-28 01:04:18', 'pisang-coklat-lumer', 'show'),
(53, 18, '2471', 'Basreng uhuyyy', NULL, 5000, 'product-img/2471_1664497289IMG-20220917-WA0039.jpg', 7, '2022-09-30 00:21:29', '2022-09-30 00:21:29', 'basreng-uhuyyy', 'show');

-- --------------------------------------------------------

--
-- Struktur dari tabel `profile_users`
--

CREATE TABLE `profile_users` (
  `id` bigint(20) UNSIGNED NOT NULL,
  `fullname` varchar(191) DEFAULT NULL,
  `gender` varchar(191) DEFAULT NULL,
  `birth_date` date DEFAULT NULL,
  `photo` varchar(191) DEFAULT NULL,
  `user_id` bigint(20) NOT NULL,
  `user_type` enum('admin','cashier','user') NOT NULL DEFAULT 'user'
) ENGINE=InnoDB DEFAULT CHARSET=utf8mb4 COLLATE=utf8mb4_unicode_ci;

--
-- Dumping data untuk tabel `profile_users`
--

INSERT INTO `profile_users` (`id`, `fullname`, `gender`, `birth_date`, `photo`, `user_id`, `user_type`) VALUES
(2, 'Customer 1', NULL, NULL, 'user-img/user-img-default.png', 2, 'user'),
(3, 'tes1', NULL, NULL, 'user-img/user-img-default.png', 3, 'user'),
(4, 'Test Sales', NULL, NULL, 'user-img/user-img-default.png', 4, 'user'),
(5, 'Sales 1', NULL, NULL, 'user-img/user-img-default.png', 5, 'user'),
(6, 'sales1', NULL, NULL, 'user-img/user-img-default.png', 6, 'user'),
(7, 'sales kel 1', NULL, NULL, 'user-img/user-img-default.png', 7, 'user'),
(8, 'sales kel 2', NULL, NULL, 'user-img/user-img-default.png', 8, 'user'),
(9, 'sales kel 3', NULL, NULL, 'user-img/user-img-default.png', 9, 'user'),
(10, 'sales kel 4', NULL, NULL, 'user-img/user-img-default.png', 10, 'user'),
(11, 'M. Ihsan TKJ3', NULL, NULL, 'user-img/user-img-default.png', 11, 'user'),
(12, 'sales kel 5', NULL, NULL, 'user-img/user-img-default.png', 12, 'user'),
(13, 'Farin tkj 2 (kel1)', NULL, NULL, 'user-img/user-img-default.png', 13, 'user'),
(14, 'nadia tkj 2', NULL, NULL, 'user-img/user-img-default.png', 14, 'user'),
(15, 'Marsya', NULL, NULL, 'user-img/user-img-default.png', 15, 'user'),
(16, 'Marsya', NULL, NULL, 'user-img/user-img-default.png', 16, 'user'),
(17, 'TOPUPDIAMOND', NULL, NULL, 'user-img/user-img-default.png', 17, 'user'),
(18, 'NandaLemon', NULL, NULL, 'user-img/user-img-default.png', 18, 'user'),
(19, 'nadiap', NULL, NULL, 'user-img/user-img-default.png', 19, 'user'),
(20, 'Nadia Prima Sinaga', NULL, NULL, 'user-img/user-img-default.png', 20, 'user');

-- --------------------------------------------------------

--
-- Struktur dari tabel `receipts__transactions`
--

CREATE TABLE `receipts__transactions` (
  `id` bigint(20) UNSIGNED NOT NULL,
  `transaction_id` bigint(20) NOT NULL,
  `user_id` int(11) NOT NULL,
  `user_name` varchar(191) NOT NULL,
  `cashier_id` int(11) DEFAULT NULL,
  `cashier_name` varchar(191) DEFAULT NULL,
  `products_id` text NOT NULL,
  `products_list` text NOT NULL,
  `products_buyvalues` text NOT NULL,
  `products_prices` text NOT NULL,
  `type` enum('COD') DEFAULT NULL,
  `is_done` tinyint(1) NOT NULL DEFAULT 0,
  `done_time` timestamp NULL DEFAULT NULL,
  `created_at` timestamp NULL DEFAULT NULL,
  `updated_at` timestamp NULL DEFAULT NULL,
  `note` varchar(191) DEFAULT '-',
  `total_productsprices` text NOT NULL,
  `order_via` enum('admin','cashier','user') NOT NULL DEFAULT 'user',
  `diskon` text DEFAULT NULL,
  `custom_prices` text DEFAULT NULL,
  `status` enum('pending','confirmed','canceled') NOT NULL DEFAULT 'pending'
) ENGINE=InnoDB DEFAULT CHARSET=utf8mb4 COLLATE=utf8mb4_unicode_ci;

--
-- Dumping data untuk tabel `receipts__transactions`
--

INSERT INTO `receipts__transactions` (`id`, `transaction_id`, `user_id`, `user_name`, `cashier_id`, `cashier_name`, `products_id`, `products_list`, `products_buyvalues`, `products_prices`, `type`, `is_done`, `done_time`, `created_at`, `updated_at`, `note`, `total_productsprices`, `order_via`, `diskon`, `custom_prices`, `status`) VALUES
(6, 20211203500001, 5, 'Sales 1', 1, 'Developer User', '[\"7\"]', '[\"Token Listrik 100k\"]', '[\"1\"]', '[\"102500\"]', 'COD', 1, '2021-12-03 08:16:34', '2021-12-03 08:16:34', '2021-12-03 08:16:34', '-', '[102500]', 'cashier', '[0]', '[\"102000\"]', 'confirmed'),
(7, 20211209120001, 1, 'User', 1, 'Developer User', '[\"17\"]', '[\"Jasa Web Hosting\"]', '[\"1\"]', '[\"2500000\"]', 'COD', 1, '2021-12-09 14:13:59', '2021-12-09 14:13:59', '2021-12-09 14:13:59', '-', '[2500000]', 'cashier', '[0]', '[\"2500000\"]', 'confirmed'),
(8, 20211223120001, 1, 'user', 1, 'Developer User', '[\"6\",\"11\",\"7\",\"10\"]', '[\"Token Listrik 50k\",\"JASA INSTALLASI LAB KOMPUTER (PERTITIK)\",\"Token Listrik 100k\",\"LISTRIK PRABAYAR\"]', '[\"2\",\"1\",\"2\",\"1\"]', '[\"52500\",\"75000\",\"102500\",\"123\"]', 'COD', 1, '2021-12-23 00:48:59', '2021-12-23 00:48:59', '2021-12-23 00:48:59', '-', '[105000,75000,205000,123]', 'cashier', '[0,0,0,0]', '[\"105000\",\"75000\",\"205000\",\"123\"]', 'confirmed'),
(9, 20211223120002, 1, 'user2', 1, 'Developer User', '[\"13\"]', '[\"TROPIKAL 2L\"]', '[\"1\"]', '[\"35900\"]', 'COD', 1, '2021-12-23 00:51:32', '2021-12-23 00:51:32', '2021-12-23 00:51:32', '-', '[35900]', 'cashier', '[0]', '[\"35900\"]', 'confirmed'),
(10, 20211223120003, 1, 'kk', 1, 'Developer User', '[\"9\"]', '[\"ALL OPERATOR 10K\"]', '[\"1\"]', '[\"12000\"]', 'COD', 1, '2021-12-23 00:51:56', '2021-12-23 00:51:56', '2021-12-23 00:51:56', '-', '[12000]', 'cashier', '[0]', '[\"12000\"]', 'confirmed'),
(11, 20220114120001, 1, 'Hermawan', 1, 'Developer User', '[\"14\",\"16\",\"13\",\"12\",\"15\"]', '[\"BIMOLI 1L\",\"GMP 1KG\",\"TROPIKAL 2L\",\"TROPIKAL 1L\",\"GULAKU 1KG\"]', '[\"1\",\"1\",\"3\",\"1\",\"1\"]', '[\"18900\",\"12600\",\"35900\",\"17900\",\"12500\"]', 'COD', 1, '2022-01-14 03:31:32', '2022-01-14 03:31:32', '2022-01-14 03:31:32', '-', '[18900,12600,107700,17900,12500]', 'cashier', '[0,0,0,0,0]', '[\"18900\",\"12600\",\"107700\",\"17900\",\"12500\"]', 'confirmed'),
(12, 20220114120002, 1, 'siswanti', 1, 'Developer User', '[\"8\",\"14\",\"9\"]', '[\"Token Listrik 20k\",\"BIMOLI 1L\",\"ALL OPERATOR 10K\"]', '[\"1\",\"1\",\"1\"]', '[\"22500\",\"18900\",\"12000\"]', 'COD', 1, '2022-01-14 03:33:24', '2022-01-14 03:33:24', '2022-01-14 03:33:24', '-', '[22500,18900,12000]', 'cashier', '[0,0,0]', '[\"22500\",\"18900\",\"12000\"]', 'confirmed'),
(13, 20220114400001, 4, 'Test Sales', 3, 'Kasir Dev', '[\"14\"]', '[\"BIMOLI 1L\"]', '[\"4\"]', '[\"18900\"]', 'COD', 1, '2022-01-14 03:41:15', '2022-01-14 03:40:24', '2022-01-14 03:41:15', '-', '[75600]', 'user', '[0]', '[\"75600\"]', 'confirmed'),
(14, 20220118400001, 4, 'Test Sales', 3, 'Kasir Dev', '[\"12\"]', '[\"TROPIKAL 1L\"]', '[\"3\"]', '[\"17900\"]', 'COD', 1, '2022-01-18 02:40:05', '2022-01-18 02:38:40', '2022-01-18 02:40:05', '-', '[53700]', 'user', '[0]', '[50000]', 'confirmed'),
(15, 20220118400002, 4, 'Test Sales', 3, 'Kasir Dev', '[\"10\"]', '[\"LISTRIK PRABAYAR\"]', '[\"1\"]', '[\"123\"]', 'COD', 1, '2022-01-18 03:08:02', '2022-01-18 03:07:06', '2022-01-18 03:08:02', '-', '[123]', 'user', '[0]', '[70]', 'confirmed'),
(16, 20220119400001, 4, 'Test Sales', 3, 'Kasir Dev', '[\"7\",\"13\"]', '[\"Token Listrik 100k\",\"TROPIKAL 2L\"]', '[\"1\",\"1\"]', '[\"102500\",\"35900\"]', 'COD', 1, '2022-01-18 18:55:11', '2022-01-19 06:53:27', '2022-01-19 06:55:11', '-', '[102500,35900]', 'user', '[0,0]', '[100000,35900]', 'confirmed'),
(17, 20220131320001, 3, 'Hermawan', 3, 'Kasir Dev', '[\"19\"]', '[\"LAPTOP A410KAO\"]', '[\"1\"]', '[\"7150000\"]', 'COD', 1, '2022-01-31 01:09:52', '2022-01-31 01:09:52', '2022-01-31 01:09:52', '-', '[7150000]', 'cashier', '[0]', '[\"7150000\"]', 'confirmed'),
(18, 20220216400001, 4, 'Test Sales', 1, 'Developer User', '[\"6\",\"12\"]', '[\"Token Listrik 50k\",\"TROPIKAL 1L\"]', '[\"1\",\"1\"]', '[\"52500\",\"17900\"]', 'COD', 1, '2022-02-16 03:40:25', '2022-02-16 03:38:55', '2022-02-16 03:40:25', '-', '[52500,17900]', 'user', '[0,0]', '[\"52500\",\"17900\"]', 'confirmed'),
(19, 20220309120001, 1, 'User', 1, 'Developer User', '[\"26\",\"20\",\"24\",\"21\",\"23\",\"22\",\"25\",\"27\",\"28\",\"29\"]', '[\"MIKROTIK RB951 UI\",\"KABEL UTP ROLL SPECTRA\",\"TPLINK SWITCH 5PORT GIGABIT\",\"CONECTOR RJ45 CAT 5e\",\"TANG KRIMPING UNIVERSAL KUNCIAN\",\"LAN TESTER RJ54 DAN RJ11\",\"ACCES POINT TL-WR820N\",\"GT-PRO PACK\",\"USB ADAPTER 150Mbps\",\"OBENG SET\"]', '[\"2\",\"1\",\"5\",\"10\",\"6\",\"10\",\"6\",\"2\",\"3\",\"13\"]', '[\"1350000\",\"650000\",\"315000\",\"125000\",\"175000\",\"125000\",\"365000\",\"275000\",\"155000\",\"25000\"]', 'COD', 1, '2022-03-09 03:36:56', '2022-03-09 03:36:56', '2022-03-09 03:36:56', '-', '[2700000,650000,1575000,1250000,1050000,1250000,2190000,550000,465000,325000]', 'cashier', '[0,0,0,0,0,0,0,0,0,0]', '[\"2700000\",\"650000\",\"1575000\",\"1250000\",\"1050000\",\"1250000\",\"2190000\",\"550000\",\"465000\",\"325000\"]', 'confirmed'),
(20, 20220513120001, 1, 'asep', 1, 'Developer User', '[\"9\"]', '[\"ALL OPERATOR 10K\"]', '[\"2\"]', '[\"12000\"]', 'COD', 1, '2022-05-13 02:02:31', '2022-05-13 02:02:31', '2022-05-13 02:02:31', '-', '[24000]', 'cashier', '[0]', '[\"24000\"]', 'confirmed'),
(21, 20220905400001, 4, 'Test Sales', 1, 'Developer User', '[\"30\",\"34\"]', '[\"Cilok Jeletot\",\"Kripca (keripik kaca)\"]', '[\"2\",\"1\"]', '[\"5000\",\"5000\"]', 'COD', 1, '2022-09-07 01:57:56', '2022-09-05 05:02:54', '2022-09-07 13:57:56', '-', '[10000,5000]', 'user', '[0,0]', '[\"10000\",\"5000\"]', 'confirmed'),
(22, 202209061700001, 17, 'TOPUPDIAMOND', NULL, NULL, '[\"37\"]', '[\"DIAMOND ML \\ud83d\\udc8e14\"]', '[\"1\"]', '[\"4000\"]', 'COD', 0, NULL, '2022-09-06 06:24:24', '2022-09-08 04:07:34', '-', '[4000]', 'user', '[0]', '[\"4000\"]', 'canceled'),
(23, 20220907120001, 1, 'tes', 1, 'Developer User', '[\"12\",\"14\",\"15\"]', '[\"TROPIKAL 1L\",\"BIMOLI 1L\",\"GULAKU 1KG\"]', '[\"1\",\"1\",\"1\"]', '[\"17900\",\"18900\",\"12500\"]', 'COD', 1, '2022-09-07 13:58:28', '2022-09-07 13:58:28', '2022-09-07 13:58:28', '-', '[17900,18900,12500]', 'cashier', '[0,0,0]', '[\"17900\",\"18900\",\"12500\"]', 'confirmed'),
(24, 20220907400001, 4, 'Test Sales', 1, 'Developer User', '[\"12\",\"9\"]', '[\"TROPIKAL 1L\",\"ALL OPERATOR 10K\"]', '[\"2\",\"1\"]', '[\"17900\",\"12000\"]', 'COD', 1, '2022-09-07 02:00:27', '2022-09-07 13:59:40', '2022-09-07 14:00:27', '-', '[35800,12000]', 'user', '[0,0]', '[\"35800\",\"12000\"]', 'confirmed'),
(25, 202209081700001, 17, 'TOPUPDIAMOND', NULL, NULL, '[\"37\"]', '[\"DIAMOND ML \\ud83d\\udc8e14\"]', '[\"1\"]', '[\"4000\"]', 'COD', 0, NULL, '2022-09-08 15:41:49', '2022-09-08 15:44:44', '-', '[4000]', 'user', '[0]', '[\"4000\"]', 'canceled'),
(26, 202209091000001, 10, 'sales kel 4', 9, 'Yuda Setiawan TKJ3', '[\"33\"]', '[\"Pangsit goreng\"]', '[\"14\"]', '[\"5000\"]', 'COD', 1, '2022-09-09 00:39:43', '2022-09-09 00:38:33', '2022-09-09 00:39:43', '-', '[70000]', 'user', '[0]', '[\"70000\"]', 'confirmed'),
(27, 20220909700001, 7, 'sales kel 1', 6, 'Arthika Rainy TKJ3', '[\"30\"]', '[\"Cilok Jeletot\"]', '[\"2\"]', '[\"5000\"]', 'COD', 1, '2022-09-09 00:42:05', '2022-09-09 00:40:49', '2022-09-09 00:42:05', '-', '[10000]', 'user', '[0]', '[\"10000\"]', 'confirmed'),
(28, 20220909800001, 8, 'sales kel 2', 7, 'Saskia TKJ3', '[\"34\"]', '[\"Kripca (keripik kaca)\"]', '[\"5\"]', '[\"5000\"]', 'COD', 1, '2022-09-09 00:43:39', '2022-09-09 00:43:07', '2022-09-09 00:43:39', '-', '[25000]', 'user', '[0]', '[\"25000\"]', 'confirmed'),
(29, 20220909700002, 7, 'sales kel 1', 6, 'Arthika Rainy TKJ3', '[\"30\"]', '[\"Cilok Jeletot\"]', '[\"13\"]', '[\"5000\"]', 'COD', 1, '2022-09-09 00:47:11', '2022-09-09 00:46:28', '2022-09-09 00:47:11', '-', '[65000]', 'user', '[0]', '[\"65000\"]', 'confirmed'),
(30, 20220909700003, 7, 'sales kel 1', 6, 'Arthika Rainy TKJ3', '[\"31\"]', '[\"Cilok Bumbu Kacang\"]', '[\"8\"]', '[\"5000\"]', 'COD', 1, '2022-09-09 00:48:54', '2022-09-09 00:48:05', '2022-09-09 00:48:54', '-', '[40000]', 'user', '[0]', '[\"40000\"]', 'confirmed'),
(31, 20220909700004, 7, 'sales kel 1', 6, 'Arthika Rainy TKJ3', '[\"31\"]', '[\"Cilok Bumbu Kacang\"]', '[\"14\"]', '[\"5000\"]', 'COD', 1, '2022-09-09 00:51:44', '2022-09-09 00:50:23', '2022-09-09 00:51:44', '-', '[70000]', 'user', '[0]', '[\"70000\"]', 'confirmed'),
(32, 20220909800002, 8, 'sales kel 2', 7, 'Saskia TKJ3', '[\"34\"]', '[\"Kripca (keripik kaca)\"]', '[\"15\"]', '[\"5000\"]', 'COD', 1, '2022-09-09 00:57:04', '2022-09-09 00:53:28', '2022-09-09 00:57:04', '-', '[75000]', 'user', '[0]', '[75000]', 'confirmed'),
(33, 20220909800003, 8, 'sales kel 2', 7, 'Saskia TKJ3', '[\"34\"]', '[\"Kripca (keripik kaca)\"]', '[\"12\"]', '[\"5000\"]', 'COD', 1, '2022-09-09 01:00:20', '2022-09-09 01:00:04', '2022-09-09 01:00:20', '-', '[60000]', 'user', '[0]', '[\"60000\"]', 'confirmed'),
(34, 202209131600001, 16, 'Marsya', 14, 'Marsya', '[\"40\"]', '[\"Makbimer\"]', '[\"1\"]', '[\"5000\"]', 'COD', 1, '2022-09-13 01:59:25', '2022-09-13 01:56:21', '2022-09-13 01:59:25', '-', '[5000]', 'user', '[0]', '[\"5000\"]', 'confirmed'),
(35, 202209131600002, 16, 'Marsya', 14, 'Marsya', '[\"40\"]', '[\"Makbimer\"]', '[\"1\"]', '[\"5000\"]', 'COD', 1, '2022-09-13 02:09:14', '2022-09-13 02:07:52', '2022-09-13 02:09:14', '-', '[5000]', 'user', '[0]', '[\"5000\"]', 'confirmed'),
(36, 202209131600003, 16, 'Marsya', 14, 'Marsya', '[\"40\"]', '[\"Makbimer\"]', '[\"1\"]', '[\"5000\"]', 'COD', 1, '2022-09-13 02:14:21', '2022-09-13 02:13:50', '2022-09-13 02:14:21', '-', '[5000]', 'user', '[0]', '[\"5000\"]', 'confirmed'),
(37, 202209141000001, 10, 'sales kel 4', 9, 'Yuda Setiawan TKJ3', '[\"33\"]', '[\"Pangsit goreng\"]', '[\"3\"]', '[\"5000\"]', 'COD', 1, '2022-09-14 00:09:11', '2022-09-14 00:07:18', '2022-09-14 00:09:11', '-', '[15000]', 'user', '[0]', '[\"15000\"]', 'confirmed'),
(38, 202209142000001, 20, 'Nadia Prima Sinaga', 3, 'Kasir Dev', '[\"14\",\"36\"]', '[\"BIMOLI 1L\",\"Basreng & Kripik kaca\"]', '[\"1\",\"3\"]', '[\"18900\",\"5000\"]', 'COD', 1, '2022-09-14 00:40:43', '2022-09-14 00:36:49', '2022-09-14 00:40:43', '-', '[18900,15000]', 'user', '[0,0]', '[18900,12000]', 'confirmed'),
(39, 202209141700001, 17, 'TOPUPDIAMOND', NULL, NULL, '[\"46\"]', '[\"DIAMOND ML \\ud83d\\udc8e 28\"]', '[\"1\"]', '[\"9\"]', 'COD', 0, NULL, '2022-09-14 13:57:13', '2022-09-14 14:08:58', '-', '[9]', 'user', '[0]', '[\"9\"]', 'canceled'),
(40, 202209141700002, 17, 'TOPUPDIAMOND', NULL, NULL, '[\"46\"]', '[\"DIAMOND ML \\ud83d\\udc8e 28\"]', '[\"1\"]', '[\"9000\"]', 'COD', 0, NULL, '2022-09-14 14:29:44', '2022-09-14 14:40:59', '-', '[9000]', 'user', '[0]', '[\"9000\"]', 'canceled'),
(41, 202209141700003, 17, 'TOPUPDIAMOND', 15, 'DHAIFANDRI', '[\"46\"]', '[\"DIAMOND ML \\ud83d\\udc8e 28\"]', '[\"1\"]', '[\"9000\"]', 'COD', 1, '2022-09-14 02:41:23', '2022-09-14 14:34:16', '2022-09-14 14:41:23', '-', '[9000]', 'user', '[0]', '[\"9000\"]', 'confirmed'),
(42, 202209151700001, 17, 'TOPUPDIAMOND', 15, 'DHAIFANDRI', '[\"46\"]', '[\"DIAMOND ML \\ud83d\\udc8e 28\"]', '[\"1\"]', '[\"9000\"]', 'COD', 1, '2022-09-15 01:54:57', '2022-09-15 12:23:40', '2022-09-15 13:54:57', '-', '[9000]', 'user', '[0]', '[9000]', 'confirmed'),
(43, 202209151700002, 17, 'TOPUPDIAMOND', NULL, NULL, '[\"46\"]', '[\"DIAMOND ML \\ud83d\\udc8e 28\"]', '[\"1\"]', '[\"9000\"]', 'COD', 0, NULL, '2022-09-15 12:23:40', '2022-09-15 13:54:33', '-', '[9000]', 'user', '[0]', '[\"9000\"]', 'canceled'),
(44, 202209161000001, 10, 'sales kel 4', 9, 'Yuda Setiawan TKJ3', '[\"33\"]', '[\"Pangsit goreng\"]', '[\"12\"]', '[\"5000\"]', 'COD', 1, '2022-09-16 00:35:30', '2022-09-16 00:02:01', '2022-09-16 00:35:30', '-', '[60000]', 'user', '[0]', '[\"60000\"]', 'confirmed'),
(45, 20220916800001, 8, 'sales kel 2', 7, 'Saskia TKJ3', '[\"34\"]', '[\"Kripca (keripik kaca)\"]', '[\"8\"]', '[\"5000\"]', 'COD', 1, '2022-09-16 00:51:17', '2022-09-16 00:50:13', '2022-09-16 00:51:17', '-', '[40000]', 'user', '[0]', '[\"40000\"]', 'confirmed'),
(46, 202209162000001, 20, 'Nadia Prima Sinaga', 7, 'Saskia TKJ3', '[\"36\"]', '[\"Basreng & Kripik kaca\"]', '[\"1\"]', '[\"5000\"]', 'COD', 1, '2022-09-19 04:30:19', '2022-09-16 02:55:26', '2022-09-19 04:30:19', '-', '[5000]', 'user', '[0]', '[\"5000\"]', 'confirmed'),
(47, 202209171700001, 17, 'TOPUPDIAMOND', NULL, NULL, '[\"46\"]', '[\"DIAMOND ML \\ud83d\\udc8e 28\"]', '[\"1\"]', '[\"9000\"]', 'COD', 0, NULL, '2022-09-17 05:01:02', '2022-09-18 05:29:16', '-', '[9000]', 'user', '[0]', '[\"9000\"]', 'canceled'),
(48, 202209181700001, 17, 'TOPUPDIAMOND', NULL, NULL, '[\"46\"]', '[\"DIAMOND ML \\ud83d\\udc8e 28\"]', '[\"1\"]', '[\"9000\"]', 'COD', 0, NULL, '2022-09-18 05:31:14', '2022-09-18 05:31:57', '-', '[9000]', 'user', '[0]', '[\"9000\"]', 'canceled'),
(49, 202209181700002, 17, 'TOPUPDIAMOND', 15, 'DHAIFANDRI', '[\"46\"]', '[\"DIAMOND ML \\ud83d\\udc8e 28\"]', '[\"1\"]', '[\"9000\"]', 'COD', 1, '2022-09-18 05:33:15', '2022-09-18 05:32:39', '2022-09-18 05:33:15', '-', '[9000]', 'user', '[0]', '[\"9000\"]', 'confirmed'),
(50, 202209181700003, 17, 'TOPUPDIAMOND', NULL, NULL, '[\"46\"]', '[\"DIAMOND ML \\ud83d\\udc8e 28\"]', '[\"1\"]', '[\"9000\"]', 'COD', 0, NULL, '2022-09-18 14:24:06', '2022-09-19 04:30:44', '-', '[9000]', 'user', '[0]', '[\"9000\"]', 'canceled'),
(51, 20220919900001, 9, 'sales kel 3', 8, 'Ragil Febrian TKJ3', '[\"47\"]', '[\"Pulsa TKJ 3\"]', '[\"1\"]', '[\"23000\"]', 'COD', 1, '2022-09-19 04:45:31', '2022-09-19 04:39:23', '2022-09-19 04:45:31', '-', '[23000]', 'user', '[0]', '[\"23000\"]', 'confirmed'),
(52, 20220920900001, 9, 'sales kel 3', 8, 'Ragil Febrian TKJ3', '[\"35\"]', '[\"Pulsa TKJ3\"]', '[\"1\"]', '[\"13000\"]', 'COD', 1, '2022-09-19 22:50:31', '2022-09-20 10:48:41', '2022-09-20 10:50:31', '-', '[13000]', 'user', '[0]', '[\"13000\"]', 'confirmed'),
(53, 20220921900001, 9, 'sales kel 3', 8, 'Ragil Febrian TKJ3', '[\"39\"]', '[\"Pulpen Standar\"]', '[\"2\"]', '[\"2000\"]', 'COD', 1, '2022-09-21 05:03:47', '2022-09-21 05:02:55', '2022-09-21 05:03:47', '-', '[4000]', 'user', '[0]', '[\"4000\"]', 'confirmed'),
(54, 202209221600001, 16, 'Marsya', 14, 'Marsya', '[\"49\",\"50\"]', '[\"Ubi Lumer\",\"Pastel\"]', '[\"1\",\"5\"]', '[\"5\",\"5\"]', 'COD', 1, '2022-09-22 01:36:28', '2022-09-22 13:35:25', '2022-09-22 13:36:28', '-', '[5,25]', 'user', '[0,0]', '[\"5\",\"25\"]', 'confirmed'),
(55, 202209221600002, 16, 'Marsya', 14, 'Marsya', '[\"49\",\"50\"]', '[\"Ubi Lumer\",\"Pastel\"]', '[\"2\",\"1\"]', '[\"5\",\"5\"]', 'COD', 1, '2022-09-22 01:40:54', '2022-09-22 13:38:35', '2022-09-22 13:40:54', '-', '[10,5]', 'user', '[0,0]', '[\"10\",\"5\"]', 'confirmed'),
(56, 202209221600003, 16, 'Marsya', 14, 'Marsya', '[\"50\",\"49\"]', '[\"Pastel\",\"Ubi Lumer\"]', '[\"11\",\"8\"]', '[\"5\",\"5\"]', 'COD', 1, '2022-09-22 01:49:43', '2022-09-22 13:45:00', '2022-09-22 13:49:43', '-', '[55,40]', 'user', '[0,0]', '[\"55\",\"40\"]', 'confirmed'),
(57, 202209221600004, 16, 'Marsya', 14, 'Marsya', '[\"50\"]', '[\"Pastel\"]', '[\"5\"]', '[\"5\"]', 'COD', 1, '2022-09-22 01:49:11', '2022-09-22 13:45:35', '2022-09-22 13:49:11', '-', '[25]', 'user', '[0]', '[\"25\"]', 'confirmed'),
(58, 202209231000001, 10, 'sales kel 4', 14, 'Marsya', '[\"33\"]', '[\"Pangsit goreng\"]', '[\"5\"]', '[\"5000\"]', 'COD', 1, '2022-09-27 00:47:59', '2022-09-23 01:10:14', '2022-09-27 00:47:59', '-', '[25000]', 'user', '[0]', '[\"25000\"]', 'confirmed'),
(59, 202209231000002, 10, 'sales kel 4', 9, 'Yuda Setiawan TKJ3', '[\"33\"]', '[\"Pangsit goreng\"]', '[\"1\"]', '[\"5000\"]', 'COD', 1, '2022-09-26 21:25:54', '2022-09-23 01:11:22', '2022-09-27 09:25:54', '-', '[5000]', 'user', '[0]', '[\"5000\"]', 'confirmed'),
(60, 202209271600001, 16, 'Marsya', 14, 'Marsya', '[\"50\"]', '[\"Pastel\"]', '[\"3\"]', '[\"5\"]', 'COD', 1, '2022-09-27 00:47:30', '2022-09-27 00:45:08', '2022-09-27 00:47:30', '-', '[15]', 'user', '[0]', '[\"15\"]', 'confirmed'),
(61, 202209271220002, 12, 'sales1', 12, 'Farin tkj2', '[\"36\"]', '[\"Basreng & Kripik kaca\"]', '[\"2\"]', '[\"5000\"]', 'COD', 1, '2022-09-27 00:46:13', '2022-09-27 00:46:13', '2022-09-27 00:46:13', '-', '[10000]', 'cashier', '[0]', '[\"10000\"]', 'confirmed'),
(62, 202209272000001, 20, 'Nadia Prima Sinaga', 12, 'Farin tkj2', '[\"36\"]', '[\"Basreng & Kripik kaca\"]', '[\"2\"]', '[\"5000\"]', 'COD', 1, '2022-09-27 00:56:51', '2022-09-27 00:52:10', '2022-09-27 00:56:51', '-', '[10000]', 'user', '[0]', '[\"10000\"]', 'confirmed'),
(63, 202209271300001, 13, 'Farin tkj 2 (kel1)', 12, 'Farin tkj2', '[\"36\"]', '[\"Basreng & Kripik kaca\"]', '[\"44\"]', '[\"5000\"]', 'COD', 1, '2022-09-27 01:03:27', '2022-09-27 00:55:02', '2022-09-27 01:03:27', '-', '[220000]', 'user', '[0]', '[\"220000\"]', 'confirmed'),
(64, 202209271300002, 13, 'Farin tkj 2 (kel1)', 12, 'Farin tkj2', '[\"36\"]', '[\"Basreng & Kripik kaca\"]', '[\"15\"]', '[\"5000\"]', 'COD', 1, '2022-09-27 00:57:10', '2022-09-27 00:55:42', '2022-09-27 00:57:10', '-', '[75000]', 'user', '[0]', '[\"75000\"]', 'confirmed'),
(65, 202209271300003, 13, 'Farin tkj 2 (kel1)', 9, 'Yuda Setiawan TKJ3', '[\"36\"]', '[\"Basreng & Kripik kaca\"]', '[\"3\"]', '[\"5000\"]', 'COD', 1, '2022-09-26 21:26:10', '2022-09-27 00:56:16', '2022-09-27 09:26:10', '-', '[15000]', 'user', '[0]', '[\"15000\"]', 'confirmed'),
(66, 20220928800001, 8, 'sales kel 2', 7, 'Saskia TKJ3', '[\"34\"]', '[\"Kripca (keripik kaca)\"]', '[\"25\"]', '[\"5000\"]', 'COD', 1, '2022-09-27 18:22:07', '2022-09-28 06:21:37', '2022-09-28 06:22:07', '-', '[125000]', 'user', '[0]', '[\"125000\"]', 'confirmed'),
(67, 202209301200001, 12, 'sales kel 5', 10, 'M. Ihsan TKJ3', '[\"53\"]', '[\"Basreng uhuyyy\"]', '[\"65\"]', '[\"5000\"]', 'COD', 1, '2022-09-30 00:31:34', '2022-09-30 00:29:52', '2022-09-30 00:31:34', '-', '[325000]', 'user', '[0]', '[\"325000\"]', 'confirmed'),
(68, 20220930700001, 7, 'sales kel 1', 6, 'Arthika Rainy TKJ3', '[\"30\"]', '[\"Cilok Jeletot\"]', '[\"1\"]', '[\"5000\"]', 'COD', 1, '2022-09-30 00:56:46', '2022-09-30 00:55:36', '2022-09-30 00:56:46', '-', '[5000]', 'user', '[0]', '[\"5000\"]', 'confirmed'),
(69, 20220930700002, 7, 'sales kel 1', 6, 'Arthika Rainy TKJ3', '[\"30\"]', '[\"Cilok Jeletot\"]', '[\"2\"]', '[\"5000\"]', 'COD', 1, '2022-09-30 00:57:21', '2022-09-30 00:56:57', '2022-09-30 00:57:21', '-', '[10000]', 'user', '[0]', '[\"10000\"]', 'confirmed'),
(70, 20220930700003, 7, 'sales kel 1', 6, 'Arthika Rainy TKJ3', '[\"30\"]', '[\"Cilok Jeletot\"]', '[\"1\"]', '[\"5000\"]', 'COD', 1, '2022-09-30 01:04:01', '2022-09-30 00:57:55', '2022-09-30 01:04:01', '-', '[5000]', 'user', '[0]', '[\"5000\"]', 'confirmed'),
(71, 20220930700004, 7, 'sales kel 1', 6, 'Arthika Rainy TKJ3', '[\"30\"]', '[\"Cilok Jeletot\"]', '[\"1\"]', '[\"5000\"]', 'COD', 1, '2022-09-30 01:03:47', '2022-09-30 00:58:43', '2022-09-30 01:03:47', '-', '[5000]', 'user', '[0]', '[\"5000\"]', 'confirmed'),
(72, 20220930700005, 7, 'sales kel 1', 6, 'Arthika Rainy TKJ3', '[\"30\"]', '[\"Cilok Jeletot\"]', '[\"1\"]', '[\"5000\"]', 'COD', 1, '2022-09-30 01:03:51', '2022-09-30 00:59:27', '2022-09-30 01:03:51', '-', '[5000]', 'user', '[0]', '[\"5000\"]', 'confirmed'),
(73, 20220930700006, 7, 'sales kel 1', 6, 'Arthika Rainy TKJ3', '[\"31\"]', '[\"Cilok Bumbu Kacang\"]', '[\"2\"]', '[\"5000\"]', 'COD', 1, '2022-09-30 01:03:56', '2022-09-30 00:59:42', '2022-09-30 01:03:56', '-', '[10000]', 'user', '[0]', '[\"10000\"]', 'confirmed'),
(74, 20220930700007, 7, 'sales kel 1', 6, 'Arthika Rainy TKJ3', '[\"30\"]', '[\"Cilok Jeletot\"]', '[\"1\"]', '[\"5000\"]', 'COD', 1, '2022-09-30 01:03:38', '2022-09-30 01:00:52', '2022-09-30 01:03:38', '-', '[5000]', 'user', '[0]', '[\"5000\"]', 'confirmed'),
(75, 20220930700008, 7, 'sales kel 1', 6, 'Arthika Rainy TKJ3', '[\"31\"]', '[\"Cilok Bumbu Kacang\"]', '[\"1\"]', '[\"5000\"]', 'COD', 1, '2022-09-30 01:03:21', '2022-09-30 01:01:04', '2022-09-30 01:03:21', '-', '[5000]', 'user', '[0]', '[\"5000\"]', 'confirmed'),
(76, 20220930700009, 7, 'sales kel 1', 6, 'Arthika Rainy TKJ3', '[\"30\"]', '[\"Cilok Jeletot\"]', '[\"1\"]', '[\"5000\"]', 'COD', 1, '2022-09-30 01:03:11', '2022-09-30 01:01:18', '2022-09-30 01:03:11', '-', '[5000]', 'user', '[0]', '[\"5000\"]', 'confirmed'),
(77, 20220930700010, 7, 'sales kel 1', 6, 'Arthika Rainy TKJ3', '[\"31\"]', '[\"Cilok Bumbu Kacang\"]', '[\"2\"]', '[\"5000\"]', 'COD', 1, '2022-09-30 01:02:55', '2022-09-30 01:01:31', '2022-09-30 01:02:55', '-', '[10000]', 'user', '[0]', '[\"10000\"]', 'confirmed'),
(78, 20220930700011, 7, 'sales kel 1', 6, 'Arthika Rainy TKJ3', '[\"30\"]', '[\"Cilok Jeletot\"]', '[\"1\"]', '[\"5000\"]', 'COD', 1, '2022-09-30 01:02:43', '2022-09-30 01:02:36', '2022-09-30 01:02:43', '-', '[5000]', 'user', '[0]', '[\"5000\"]', 'confirmed'),
(79, 20220930700012, 7, 'sales kel 1', 6, 'Arthika Rainy TKJ3', '[\"30\"]', '[\"Cilok Jeletot\"]', '[\"1\"]', '[\"5000\"]', 'COD', 1, '2022-09-30 01:03:16', '2022-09-30 01:03:05', '2022-09-30 01:03:16', '-', '[5000]', 'user', '[0]', '[\"5000\"]', 'confirmed'),
(80, 20221005800001, 8, 'sales kel 2', 7, 'Saskia TKJ3', '[\"34\"]', '[\"Kripca (keripik kaca)\"]', '[\"17\"]', '[\"5000\"]', 'COD', 1, '2022-10-04 18:13:19', '2022-10-05 06:12:18', '2022-10-05 06:13:19', '-', '[85000]', 'user', '[0]', '[\"85000\"]', 'confirmed'),
(81, 20221028400001, 4, 'Test Sales', 3, 'Kasir Dev', '[\"12\",\"15\",\"31\"]', '[\"TROPIKAL 1L\",\"GULAKU 1KG\",\"Cilok Bumbu Kacang\"]', '[\"2\",\"1\",\"5\"]', '[\"17900\",\"12500\",\"5000\"]', 'COD', 1, '2022-10-28 02:41:08', '2022-10-28 02:36:12', '2022-10-28 02:41:08', '-', '[35800,12500,25000]', 'user', '[0,0,0]', '[35800,12500,20000]', 'confirmed'),
(82, 20221028400002, 4, 'Test Sales', 3, 'Kasir Dev', '[\"14\",\"30\"]', '[\"BIMOLI 1L\",\"Cilok Jeletot\"]', '[\"1\",\"10\"]', '[\"18900\",\"5000\"]', 'COD', 1, '2022-10-28 03:40:58', '2022-10-28 03:31:54', '2022-10-28 03:40:58', '-', '[18900,50000]', 'user', '[0,0]', '[18900,40000]', 'confirmed');

-- --------------------------------------------------------

--
-- Struktur dari tabel `roles`
--

CREATE TABLE `roles` (
  `id` bigint(20) UNSIGNED NOT NULL,
  `nama` varchar(191) NOT NULL,
  `created_at` timestamp NULL DEFAULT NULL,
  `updated_at` timestamp NULL DEFAULT NULL
) ENGINE=InnoDB DEFAULT CHARSET=utf8mb4 COLLATE=utf8mb4_unicode_ci;

-- --------------------------------------------------------

--
-- Struktur dari tabel `stocks`
--

CREATE TABLE `stocks` (
  `id` bigint(20) UNSIGNED NOT NULL,
  `product_id` int(11) NOT NULL,
  `stock` int(11) NOT NULL
) ENGINE=InnoDB DEFAULT CHARSET=utf8mb4 COLLATE=utf8mb4_unicode_ci;

--
-- Dumping data untuk tabel `stocks`
--

INSERT INTO `stocks` (`id`, `product_id`, `stock`) VALUES
(4, 4, 97),
(5, 5, 1000),
(6, 6, 997),
(7, 7, 996),
(8, 8, 999),
(9, 9, 995),
(10, 10, 998),
(11, 11, 9999),
(12, 12, 90),
(13, 13, 95),
(14, 14, 1),
(15, 15, 17),
(16, 16, 99),
(17, 17, 999),
(18, 18, 1000),
(19, 19, 2),
(20, 20, 9),
(21, 21, 90),
(22, 22, 10),
(23, 23, 94),
(24, 24, 15),
(25, 25, 44),
(26, 26, 8),
(27, 27, 8),
(28, 28, 97),
(29, 29, 87),
(30, 30, 30),
(31, 31, 26),
(32, 32, 10),
(33, 33, 9),
(34, 34, 100),
(35, 35, 4),
(36, 36, 40),
(37, 37, 30),
(38, 38, 30),
(39, 39, 12),
(40, 40, 22),
(41, 41, 5),
(42, 42, 5),
(43, 43, 200),
(44, 44, 5),
(45, 45, 80),
(46, 46, 28),
(47, 47, 4),
(48, 48, 5),
(49, 49, 14),
(50, 50, 100),
(51, 51, 100),
(52, 52, 100),
(53, 53, 150);

-- --------------------------------------------------------

--
-- Struktur dari tabel `units`
--

CREATE TABLE `units` (
  `id` bigint(20) UNSIGNED NOT NULL,
  `unit` varchar(191) NOT NULL,
  `status` tinyint(1) NOT NULL DEFAULT 1
) ENGINE=InnoDB DEFAULT CHARSET=utf8mb4 COLLATE=utf8mb4_unicode_ci;

--
-- Dumping data untuk tabel `units`
--

INSERT INTO `units` (`id`, `unit`, `status`) VALUES
(6, 'unit', 1),
(7, 'pcs', 1),
(8, 'buah', 1),
(9, 'renceng', 1),
(10, 'pak', 1);

-- --------------------------------------------------------

--
-- Struktur dari tabel `users`
--

CREATE TABLE `users` (
  `id` int(10) UNSIGNED NOT NULL,
  `name` varchar(191) NOT NULL,
  `email` varchar(191) DEFAULT NULL,
  `username` varchar(191) NOT NULL,
  `password` varchar(191) NOT NULL,
  `phone` varchar(191) DEFAULT NULL,
  `address` text DEFAULT NULL,
  `remember_token` varchar(100) DEFAULT NULL,
  `created_at` timestamp NULL DEFAULT NULL,
  `updated_at` timestamp NULL DEFAULT NULL,
  `status` tinyint(1) NOT NULL DEFAULT 1
) ENGINE=InnoDB DEFAULT CHARSET=utf8mb4 COLLATE=utf8mb4_unicode_ci;

--
-- Dumping data untuk tabel `users`
--

INSERT INTO `users` (`id`, `name`, `email`, `username`, `password`, `phone`, `address`, `remember_token`, `created_at`, `updated_at`, `status`) VALUES
(2, 'Customer 1', NULL, 'customer1', '$2y$10$VBrUZbtegN5X9Qm2KS3OUu24UYUohmZ3r/okWpxT0R7jqtf8ldqlq', '08123456', NULL, NULL, '2020-11-19 10:41:33', '2021-12-01 14:34:36', 0),
(3, 'tes1', NULL, 'tes1', '$2y$10$guBEm5WfMkfpRZfNzGFXyOev94E/TT79lLQR0Z/cMG5v0A8S7JLla', '0812345678', 'Jl.', NULL, '2021-04-26 07:36:32', '2021-12-01 14:34:30', 0),
(4, 'Test Sales', NULL, 'sales.dev', '$2y$10$rCqUyRVPvgfUZKNTGM614u3e5BYTrD8mdgZ8BoyOqiAZuykuEWzLG', '08123456789', NULL, NULL, '2021-12-01 14:40:18', '2021-12-01 14:40:18', 1),
(5, 'Sales 1', NULL, 'sales', '$2y$10$L0PYrYCoCeeaQ4iPW4RsXe6ngqFiGN4OjPaKRk6p.2YB76QEIEk86', '082297041229', NULL, NULL, '2021-12-03 03:59:41', '2021-12-03 03:59:41', 1),
(6, 'sales1', NULL, 'admin', '$2y$10$7KfRFBsxKsb5At5PA0r5gefr41P57awxyO6IEhKzOABpdM.UKVJV2', '08', 'cikarang', NULL, '2022-09-05 04:00:11', '2022-09-05 04:01:25', 0),
(7, 'sales kel 1', NULL, 'sales1', '$2y$10$O4CUh1c3F1L9dxq9Im9UR.7EAORKisxnmTlM82TRwXYR5nauive1u', '082297532465', 'Puri Cikarang Hijau Blok L3 no4', NULL, '2022-09-05 04:03:05', '2022-09-05 04:09:00', 1),
(8, 'sales kel 2', NULL, 'sales2', '$2y$10$K1QC9tKyP5qFLYup8TmaAeI.HRixHsOstHRO/4Du4sGI0Vqt3vy.y', '089507062431', 'Kp. Walahir RT.01 Rw.04 Karang Raharja Bekasi', NULL, '2022-09-05 04:06:40', '2022-09-05 04:19:04', 1),
(9, 'sales kel 3', NULL, 'saleskel3', '$2y$10$c6B01vViDAeVxsmCxmLjy.ltXHZ.weSUQDAFiSp7Qwdc1HhGEpLYm', '085691741164', 'Perum Puri Nirwana Blok LA 34 \r\nRT. 14 RW.08', NULL, '2022-09-05 04:24:32', '2022-09-05 04:24:32', 1),
(10, 'sales kel 4', NULL, 'saleskel4', '$2y$10$tZkBMCPI7D0ptcJq5HSpeOth5/SSG31C/jSCKZHx2HFu2sJLmsB1G', '089662761050', 'Kp. Al Huda RT.002/RW.002\r\nKel. Cikarang Utara Bekasi', NULL, '2022-09-05 04:30:33', '2022-09-05 04:30:33', 1),
(11, 'sales kel 5', NULL, 'kasirkel5', '$2y$10$Qf7xujybmbst13Z15hkPxOOhykLhF0T3iTy91kyElkjV90Cgwc9Oa', '082110207065', 'Perum Cikarang Baru Blok A9 no.23\r\nKel. Jaya Mukti Cikarang Pusat', NULL, '2022-09-05 04:36:04', '2022-09-05 04:39:17', 0),
(12, 'sales kel 5', NULL, 'saleskel5', '$2y$10$rLdvgLpLRZM0aZ6ylChM8egt6krKuEWGkEEbJKa.pO7xUceFc2VwC', '082110207065', 'Cikarang Baru Jaya Mukti Bekasi', NULL, '2022-09-05 04:40:16', '2022-09-05 04:40:16', 1),
(13, 'Farin tkj 2 (kel1)', NULL, 'salesk1', '$2y$10$ixB9RhtA3onb7myoW7Go5O.eeSE9eOhD2Jc/WwIAlsQQe./49wQ76', '089508391424', 'Kp. Kali Ulu Desa Karang Raharja Cikarang Utara\r\nBekasi', NULL, '2022-09-06 01:24:39', '2022-09-06 01:24:39', 1),
(14, 'nadia tkj 2', NULL, 'salesk2', '$2y$10$pqFWZacAChQF0ds1a99tuu1VFvqsvi73cOcXs1D.ejgYzkDX9L9nK', '85771260277', 'kp.walahir poncol. RT 02. RW.02\r\ndesa karang raharja cikarang utara\r\nbekasi', NULL, '2022-09-06 01:38:06', '2022-09-06 02:08:31', 0),
(15, 'Marsya', NULL, 'Cacaente', '$2y$10$tVYIBr23yVrDYvA4a7w3BuycafPnpecBNBQc70.UA6GWfLHfsRS3O', '081316441343', 'Perumahan Puri Nirwana Residences, Jl. Sunan Giri, Blok MK-30, RT 010/ RW 008', NULL, '2022-09-06 01:44:24', '2022-09-06 01:44:47', 0),
(16, 'Marsya', NULL, 'sales123', '$2y$10$ZZHsJvzRAUquBZkQkA6S3es3EdkADPt1VOv2TwZo0MIO/T0NaqnFq', '081314441343', 'Perumahan Puri Nirwana Residences, Jl. Sunan Giri, Blok MK-30, RT 010/ RW 008', NULL, '2022-09-06 01:47:01', '2022-09-06 01:47:01', 1),
(17, 'TOPUPDIAMOND', NULL, 'DIAMONDML', '$2y$10$nTGNGhDDA0nJ8BH2TPSA4.BcQ9spZgMw5ombRRmAheIg6ByIqnKDi', '08979815802', 'Perum Puri Mutiara Indah, jalan Cakalang XI Blok cp no.26 Karang Raharja, CIKARANG UTARA, KAB BEKASI, JAWA BARAT', NULL, '2022-09-06 01:58:33', '2022-09-06 01:58:33', 1),
(18, 'NandaLemon', NULL, 'Nanda', '$2y$10$Fbw2wYLtjJ1gdlxUVJoJpOomtZdkOltpKIEPoesr0WVnPg3eWKSky', '081284184196', 'Perum GCC Blok H9 no 12', NULL, '2022-09-06 02:07:15', '2022-09-06 02:07:15', 1),
(19, 'nadiap', NULL, 'nadia pacar animeh', '$2y$10$qCMANpPk.iMxsRoGG.DQJ.zDiGwk1/m5v2Bbn/bBgdEJ5a7/8zV.S', '085771260277', 'kp.walahir poncol RT 02/RW 05\r\ndesa karang raharja\r\ncikarang utara bekasi', NULL, '2022-09-06 02:21:38', '2022-09-14 00:23:35', 0),
(20, 'Nadia Prima Sinaga', NULL, 'foodiesz', '$2y$10$omJYUm8GhH2jXBY25q/mBuw0fw8iy06Q2HwlHHZ2b3EmW1H1Wz2JS', '085771260277', 'Kp. Walahir poncol RT.02 RW.05 Cikarang Utara\r\nBekasi', NULL, '2022-09-14 00:26:06', '2022-09-14 00:26:06', 1);

-- --------------------------------------------------------

--
-- Struktur dari tabel `websites`
--

CREATE TABLE `websites` (
  `id` bigint(20) UNSIGNED NOT NULL,
  `name` varchar(191) NOT NULL,
  `logo` varchar(191) NOT NULL,
  `created_at` timestamp NULL DEFAULT NULL,
  `updated_at` timestamp NULL DEFAULT NULL
) ENGINE=InnoDB DEFAULT CHARSET=utf8mb4 COLLATE=utf8mb4_unicode_ci;

--
-- Indexes for dumped tables
--

--
-- Indeks untuk tabel `about_us`
--
ALTER TABLE `about_us`
  ADD PRIMARY KEY (`id`);

--
-- Indeks untuk tabel `admins`
--
ALTER TABLE `admins`
  ADD PRIMARY KEY (`id`);

--
-- Indeks untuk tabel `a_stock`
--
ALTER TABLE `a_stock`
  ADD PRIMARY KEY (`id`);

--
-- Indeks untuk tabel `bank_infos`
--
ALTER TABLE `bank_infos`
  ADD PRIMARY KEY (`id`);

--
-- Indeks untuk tabel `bukti_transfers`
--
ALTER TABLE `bukti_transfers`
  ADD PRIMARY KEY (`id`);

--
-- Indeks untuk tabel `cart_transactions`
--
ALTER TABLE `cart_transactions`
  ADD PRIMARY KEY (`id`);

--
-- Indeks untuk tabel `cashiers`
--
ALTER TABLE `cashiers`
  ADD PRIMARY KEY (`id`);

--
-- Indeks untuk tabel `category_products`
--
ALTER TABLE `category_products`
  ADD PRIMARY KEY (`id`);

--
-- Indeks untuk tabel `failed_jobs`
--
ALTER TABLE `failed_jobs`
  ADD PRIMARY KEY (`id`);

--
-- Indeks untuk tabel `fakturs`
--
ALTER TABLE `fakturs`
  ADD PRIMARY KEY (`id`);

--
-- Indeks untuk tabel `keranjangs`
--
ALTER TABLE `keranjangs`
  ADD PRIMARY KEY (`id`);

--
-- Indeks untuk tabel `migrations`
--
ALTER TABLE `migrations`
  ADD PRIMARY KEY (`id`);

--
-- Indeks untuk tabel `password_resets`
--
ALTER TABLE `password_resets`
  ADD KEY `password_resets_email_index` (`email`);

--
-- Indeks untuk tabel `prices__customs`
--
ALTER TABLE `prices__customs`
  ADD PRIMARY KEY (`id`);

--
-- Indeks untuk tabel `products`
--
ALTER TABLE `products`
  ADD PRIMARY KEY (`id`);

--
-- Indeks untuk tabel `profile_users`
--
ALTER TABLE `profile_users`
  ADD PRIMARY KEY (`id`);

--
-- Indeks untuk tabel `receipts__transactions`
--
ALTER TABLE `receipts__transactions`
  ADD PRIMARY KEY (`id`);

--
-- Indeks untuk tabel `roles`
--
ALTER TABLE `roles`
  ADD PRIMARY KEY (`id`);

--
-- Indeks untuk tabel `stocks`
--
ALTER TABLE `stocks`
  ADD PRIMARY KEY (`id`);

--
-- Indeks untuk tabel `units`
--
ALTER TABLE `units`
  ADD PRIMARY KEY (`id`);

--
-- Indeks untuk tabel `users`
--
ALTER TABLE `users`
  ADD PRIMARY KEY (`id`);

--
-- Indeks untuk tabel `websites`
--
ALTER TABLE `websites`
  ADD PRIMARY KEY (`id`);

--
-- AUTO_INCREMENT untuk tabel yang dibuang
--

--
-- AUTO_INCREMENT untuk tabel `about_us`
--
ALTER TABLE `about_us`
  MODIFY `id` int(10) UNSIGNED NOT NULL AUTO_INCREMENT, AUTO_INCREMENT=3;

--
-- AUTO_INCREMENT untuk tabel `admins`
--
ALTER TABLE `admins`
  MODIFY `id` int(10) UNSIGNED NOT NULL AUTO_INCREMENT, AUTO_INCREMENT=2;

--
-- AUTO_INCREMENT untuk tabel `a_stock`
--
ALTER TABLE `a_stock`
  MODIFY `id` bigint(20) UNSIGNED NOT NULL AUTO_INCREMENT, AUTO_INCREMENT=268;

--
-- AUTO_INCREMENT untuk tabel `bank_infos`
--
ALTER TABLE `bank_infos`
  MODIFY `id` bigint(20) UNSIGNED NOT NULL AUTO_INCREMENT;

--
-- AUTO_INCREMENT untuk tabel `bukti_transfers`
--
ALTER TABLE `bukti_transfers`
  MODIFY `id` bigint(20) UNSIGNED NOT NULL AUTO_INCREMENT;

--
-- AUTO_INCREMENT untuk tabel `cart_transactions`
--
ALTER TABLE `cart_transactions`
  MODIFY `id` int(10) UNSIGNED NOT NULL AUTO_INCREMENT;

--
-- AUTO_INCREMENT untuk tabel `cashiers`
--
ALTER TABLE `cashiers`
  MODIFY `id` int(10) UNSIGNED NOT NULL AUTO_INCREMENT, AUTO_INCREMENT=20;

--
-- AUTO_INCREMENT untuk tabel `category_products`
--
ALTER TABLE `category_products`
  MODIFY `id` bigint(20) UNSIGNED NOT NULL AUTO_INCREMENT, AUTO_INCREMENT=20;

--
-- AUTO_INCREMENT untuk tabel `failed_jobs`
--
ALTER TABLE `failed_jobs`
  MODIFY `id` bigint(20) UNSIGNED NOT NULL AUTO_INCREMENT;

--
-- AUTO_INCREMENT untuk tabel `fakturs`
--
ALTER TABLE `fakturs`
  MODIFY `id` int(10) UNSIGNED NOT NULL AUTO_INCREMENT, AUTO_INCREMENT=83;

--
-- AUTO_INCREMENT untuk tabel `keranjangs`
--
ALTER TABLE `keranjangs`
  MODIFY `id` int(10) UNSIGNED NOT NULL AUTO_INCREMENT, AUTO_INCREMENT=130;

--
-- AUTO_INCREMENT untuk tabel `migrations`
--
ALTER TABLE `migrations`
  MODIFY `id` int(10) UNSIGNED NOT NULL AUTO_INCREMENT, AUTO_INCREMENT=33;

--
-- AUTO_INCREMENT untuk tabel `prices__customs`
--
ALTER TABLE `prices__customs`
  MODIFY `id` bigint(20) UNSIGNED NOT NULL AUTO_INCREMENT;

--
-- AUTO_INCREMENT untuk tabel `products`
--
ALTER TABLE `products`
  MODIFY `id` int(10) UNSIGNED NOT NULL AUTO_INCREMENT, AUTO_INCREMENT=54;

--
-- AUTO_INCREMENT untuk tabel `profile_users`
--
ALTER TABLE `profile_users`
  MODIFY `id` bigint(20) UNSIGNED NOT NULL AUTO_INCREMENT, AUTO_INCREMENT=21;

--
-- AUTO_INCREMENT untuk tabel `receipts__transactions`
--
ALTER TABLE `receipts__transactions`
  MODIFY `id` bigint(20) UNSIGNED NOT NULL AUTO_INCREMENT, AUTO_INCREMENT=83;

--
-- AUTO_INCREMENT untuk tabel `roles`
--
ALTER TABLE `roles`
  MODIFY `id` bigint(20) UNSIGNED NOT NULL AUTO_INCREMENT;

--
-- AUTO_INCREMENT untuk tabel `stocks`
--
ALTER TABLE `stocks`
  MODIFY `id` bigint(20) UNSIGNED NOT NULL AUTO_INCREMENT, AUTO_INCREMENT=54;

--
-- AUTO_INCREMENT untuk tabel `units`
--
ALTER TABLE `units`
  MODIFY `id` bigint(20) UNSIGNED NOT NULL AUTO_INCREMENT, AUTO_INCREMENT=11;

--
-- AUTO_INCREMENT untuk tabel `users`
--
ALTER TABLE `users`
  MODIFY `id` int(10) UNSIGNED NOT NULL AUTO_INCREMENT, AUTO_INCREMENT=21;

--
-- AUTO_INCREMENT untuk tabel `websites`
--
ALTER TABLE `websites`
  MODIFY `id` bigint(20) UNSIGNED NOT NULL AUTO_INCREMENT;
COMMIT;

/*!40101 SET CHARACTER_SET_CLIENT=@OLD_CHARACTER_SET_CLIENT */;
/*!40101 SET CHARACTER_SET_RESULTS=@OLD_CHARACTER_SET_RESULTS */;
/*!40101 SET COLLATION_CONNECTION=@OLD_COLLATION_CONNECTION */;
